sample,fastq_1,fastq_2,strandedness,mouse_n,population,inoculum,dpi,group_assignment,inoculation_batch,sample_mass_mg,date_nuc_prep,incubation_time_hrs
918310-RML-60-1-NeuN,/media/tmurphy/4TB_HDD/exp383/merged_fastq/918310-RML-60-1-NeuN_R1.fastq.gz,/media/tmurphy/4TB_HDD/exp383/merged_fastq/918310-RML-60-1-NeuN_R2.fastq.gz,auto,918310,NeuN,RML,60,group_RML_60,BATCH4,246,2025-05-06,19.0
918310-RML-60-1-SOX10,/media/tmurphy/4TB_HDD/exp383/merged_fastq/918310-RML-60-1-SOX10_R1.fastq.gz,/media/tmurphy/4TB_HDD/exp383/merged_fastq/918310-RML-60-1-SOX10_R2.fastq.gz,auto,918310,SOX10,RML,60,group_RML_60,BATCH4,246,2025-05-06,19.0
918310-RML-60-1-SOX2,/media/tmurphy/4TB_HDD/exp383/merged_fastq/918310-RML-60-1-SOX2_R1.fastq.gz,/media/tmurphy/4TB_HDD/exp383/merged_fastq/918310-RML-60-1-SOX2_R2.fastq.gz,auto,918310,SOX2,RML,60,group_RML_60,BATCH4,246,2025-05-06,19.0
918310-RML-60-1-PU1,/media/tmurphy/4TB_HDD/exp383/merged_fastq/918310-RML-60-1-PU1_R1.fastq.gz,/media/tmurphy/4TB_HDD/exp383/merged_fastq/918310-RML-60-1-PU1_R2.fastq.gz,auto,918310,PU1,RML,60,group_RML_60,BATCH4,246,2025-05-06,19.0
917423-22L-120-19-NeuN,/media/tmurphy/4TB_HDD/exp383/merged_fastq/917423-22L-120-19-NeuN_R1.fastq.gz,/media/tmurphy/4TB_HDD/exp383/merged_fastq/917423-22L-120-19-NeuN_R2.fastq.gz,auto,917423,NeuN,22L,120,group_22L_120,BATCH3,207,2025-05-06,19.67
917423-22L-120-19-SOX10,/media/tmurphy/4TB_HDD/exp383/merged_fastq/917423-22L-120-19-SOX10_R1.fastq.gz,/media/tmurphy/4TB_HDD/exp383/merged_fastq/917423-22L-120-19-SOX10_R2.fastq.gz,auto,917423,SOX10,22L,120,group_22L_120,BATCH3,207,2025-05-06,19.67
917423-22L-120-19-SOX2,/media/tmurphy/4TB_HDD/exp383/merged_fastq/917423-22L-120-19-SOX2_R1.fastq.gz,/media/tmurphy/4TB_HDD/exp383/merged_fastq/917423-22L-120-19-SOX2_R2.fastq.gz,auto,917423,SOX2,22L,120,group_22L_120,BATCH3,207,2025-05-06,19.67
917423-22L-120-19-PU1,/media/tmurphy/4TB_HDD/exp383/merged_fastq/917423-22L-120-19-PU1_R1.fastq.gz,/media/tmurphy/4TB_HDD/exp383/merged_fastq/917423-22L-120-19-PU1_R2.fastq.gz,auto,917423,PU1,22L,120,group_22L_120,BATCH3,207,2025-05-06,19.67
918309-CBH-60-4-NeuN,/media/tmurphy/4TB_HDD/exp383/merged_fastq/918309-CBH-60-4-NeuN_R1.fastq.gz,/media/tmurphy/4TB_HDD/exp383/merged_fastq/918309-CBH-60-4-NeuN_R2.fastq.gz,auto,918309,NeuN,CBH,60,group_CBH_60,BATCH4,240,2025-05-07,16.92
918309-CBH-60-4-SOX10,/media/tmurphy/4TB_HDD/exp383/merged_fastq/918309-CBH-60-4-SOX10_R1.fastq.gz,/media/tmurphy/4TB_HDD/exp383/merged_fastq/918309-CBH-60-4-SOX10_R2.fastq.gz,auto,918309,SOX10,CBH,60,group_CBH_60,BATCH4,240,2025-05-07,16.92
918309-CBH-60-4-SOX2,/media/tmurphy/4TB_HDD/exp383/merged_fastq/918309-CBH-60-4-SOX2_R1.fastq.gz,/media/tmurphy/4TB_HDD/exp383/merged_fastq/918309-CBH-60-4-SOX2_R2.fastq.gz,auto,918309,SOX2,CBH,60,group_CBH_60,BATCH4,240,2025-05-07,16.92
918309-CBH-60-4-PU1,/media/tmurphy/4TB_HDD/exp383/merged_fastq/918309-CBH-60-4-PU1_R1.fastq.gz,/media/tmurphy/4TB_HDD/exp383/merged_fastq/918309-CBH-60-4-PU1_R2.fastq.gz,auto,918309,PU1,CBH,60,group_CBH_60,BATCH4,240,2025-05-07,16.92
916462-RML-60-1-NeuN,/media/tmurphy/4TB_HDD/exp383/merged_fastq/916462-RML-60-1-NeuN_R1.fastq.gz,/media/tmurphy/4TB_HDD/exp383/merged_fastq/916462-RML-60-1-NeuN_R2.fastq.gz,auto,916462,NeuN,RML,60,group_RML_60,BATCH1,248,2025-05-08,18.5
916462-RML-60-1-SOX10,/media/tmurphy/4TB_HDD/exp383/merged_fastq/916462-RML-60-1-SOX10_R1.fastq.gz,/media/tmurphy/4TB_HDD/exp383/merged_fastq/916462-RML-60-1-SOX10_R2.fastq.gz,auto,916462,SOX10,RML,60,group_RML_60,BATCH1,248,2025-05-08,18.5
916462-RML-60-1-SOX2,/media/tmurphy/4TB_HDD/exp383/merged_fastq/916462-RML-60-1-SOX2_R1.fastq.gz,/media/tmurphy/4TB_HDD/exp383/merged_fastq/916462-RML-60-1-SOX2_R2.fastq.gz,auto,916462,SOX2,RML,60,group_RML_60,BATCH1,248,2025-05-08,18.5
916462-RML-60-1-PU1,/media/tmurphy/4TB_HDD/exp383/merged_fastq/916462-RML-60-1-PU1_R1.fastq.gz,/media/tmurphy/4TB_HDD/exp383/merged_fastq/916462-RML-60-1-PU1_R2.fastq.gz,auto,916462,PU1,RML,60,group_RML_60,BATCH1,248,2025-05-08,18.5
918277-RML-90-9-NeuN,/media/tmurphy/4TB_HDD/exp383/merged_fastq/918277-RML-90-9-NeuN_R1.fastq.gz,/media/tmurphy/4TB_HDD/exp383/merged_fastq/918277-RML-90-9-NeuN_R2.fastq.gz,auto,918277,NeuN,RML,90,group_RML_90,BATCH4,220,2025-05-08,18.98
918277-RML-90-9-SOX10,/media/tmurphy/4TB_HDD/exp383/merged_fastq/918277-RML-90-9-SOX10_R1.fastq.gz,/media/tmurphy/4TB_HDD/exp383/merged_fastq/918277-RML-90-9-SOX10_R2.fastq.gz,auto,918277,SOX10,RML,90,group_RML_90,BATCH4,220,2025-05-08,18.98
918277-RML-90-9-SOX2,/media/tmurphy/4TB_HDD/exp383/merged_fastq/918277-RML-90-9-SOX2_R1.fastq.gz,/media/tmurphy/4TB_HDD/exp383/merged_fastq/918277-RML-90-9-SOX2_R2.fastq.gz,auto,918277,SOX2,RML,90,group_RML_90,BATCH4,220,2025-05-08,18.98
918277-RML-90-9-PU1,/media/tmurphy/4TB_HDD/exp383/merged_fastq/918277-RML-90-9-PU1_R1.fastq.gz,/media/tmurphy/4TB_HDD/exp383/merged_fastq/918277-RML-90-9-PU1_R2.fastq.gz,auto,918277,PU1,RML,90,group_RML_90,BATCH4,220,2025-05-08,18.98
917432-RML-120-17-NeuN,/media/tmurphy/4TB_HDD/exp383/merged_fastq/917432-RML-120-17-NeuN_R1.fastq.gz,/media/tmurphy/4TB_HDD/exp383/merged_fastq/917432-RML-120-17-NeuN_R2.fastq.gz,auto,917432,NeuN,RML,120,group_RML_120,BATCH3,245,2025-05-12,19.0
917432-RML-120-17-SOX10,/media/tmurphy/4TB_HDD/exp383/merged_fastq/917432-RML-120-17-SOX10_R1.fastq.gz,/media/tmurphy/4TB_HDD/exp383/merged_fastq/917432-RML-120-17-SOX10_R2.fastq.gz,auto,917432,SOX10,RML,120,group_RML_120,BATCH3,245,2025-05-12,19.0
917432-RML-120-17-SOX2,/media/tmurphy/4TB_HDD/exp383/merged_fastq/917432-RML-120-17-SOX2_R1.fastq.gz,/media/tmurphy/4TB_HDD/exp383/merged_fastq/917432-RML-120-17-SOX2_R2.fastq.gz,auto,917432,SOX2,RML,120,group_RML_120,BATCH3,245,2025-05-12,19.0
917432-RML-120-17-PU1,/media/tmurphy/4TB_HDD/exp383/merged_fastq/917432-RML-120-17-PU1_R1.fastq.gz,/media/tmurphy/4TB_HDD/exp383/merged_fastq/917432-RML-120-17-PU1_R2.fastq.gz,auto,917432,PU1,RML,120,group_RML_120,BATCH3,245,2025-05-12,19.0
918304-ME7-60-2-NeuN,/media/tmurphy/4TB_HDD/exp383/merged_fastq/918304-ME7-60-2-NeuN_R1.fastq.gz,/media/tmurphy/4TB_HDD/exp383/merged_fastq/918304-ME7-60-2-NeuN_R2.fastq.gz,auto,918304,NeuN,ME7,60,group_ME7_60,BATCH4,237,2025-05-12,19.33
918304-ME7-60-2-SOX10,/media/tmurphy/4TB_HDD/exp383/merged_fastq/918304-ME7-60-2-SOX10_R1.fastq.gz,/media/tmurphy/4TB_HDD/exp383/merged_fastq/918304-ME7-60-2-SOX10_R2.fastq.gz,auto,918304,SOX10,ME7,60,group_ME7_60,BATCH4,237,2025-05-12,19.33
918304-ME7-60-2-SOX2,/media/tmurphy/4TB_HDD/exp383/merged_fastq/918304-ME7-60-2-SOX2_R1.fastq.gz,/media/tmurphy/4TB_HDD/exp383/merged_fastq/918304-ME7-60-2-SOX2_R2.fastq.gz,auto,918304,SOX2,ME7,60,group_ME7_60,BATCH4,237,2025-05-12,19.33
918304-ME7-60-2-PU1,/media/tmurphy/4TB_HDD/exp383/merged_fastq/918304-ME7-60-2-PU1_R1.fastq.gz,/media/tmurphy/4TB_HDD/exp383/merged_fastq/918304-ME7-60-2-PU1_R2.fastq.gz,auto,918304,PU1,ME7,60,group_ME7_60,BATCH4,237,2025-05-12,19.33
918279-ME7-90-10-NeuN,/media/tmurphy/4TB_HDD/exp383/merged_fastq/918279-ME7-90-10-NeuN_R1.fastq.gz,/media/tmurphy/4TB_HDD/exp383/merged_fastq/918279-ME7-90-10-NeuN_R2.fastq.gz,auto,918279,NeuN,ME7,90,group_ME7_90,BATCH4,255,2025-05-13,17.83
918279-ME7-90-10-SOX10,/media/tmurphy/4TB_HDD/exp383/merged_fastq/918279-ME7-90-10-SOX10_R1.fastq.gz,/media/tmurphy/4TB_HDD/exp383/merged_fastq/918279-ME7-90-10-SOX10_R2.fastq.gz,auto,918279,SOX10,ME7,90,group_ME7_90,BATCH4,255,2025-05-13,17.83
918279-ME7-90-10-SOX2,/media/tmurphy/4TB_HDD/exp383/merged_fastq/918279-ME7-90-10-SOX2_R1.fastq.gz,/media/tmurphy/4TB_HDD/exp383/merged_fastq/918279-ME7-90-10-SOX2_R2.fastq.gz,auto,918279,SOX2,ME7,90,group_ME7_90,BATCH4,255,2025-05-13,17.83
918279-ME7-90-10-PU1,/media/tmurphy/4TB_HDD/exp383/merged_fastq/918279-ME7-90-10-PU1_R1.fastq.gz,/media/tmurphy/4TB_HDD/exp383/merged_fastq/918279-ME7-90-10-PU1_R2.fastq.gz,auto,918279,PU1,ME7,90,group_ME7_90,BATCH4,255,2025-05-13,17.83
916466-22L-60-3-NeuN,/media/tmurphy/4TB_HDD/exp383/merged_fastq/916466-22L-60-3-NeuN_R1.fastq.gz,/media/tmurphy/4TB_HDD/exp383/merged_fastq/916466-22L-60-3-NeuN_R2.fastq.gz,auto,916466,NeuN,22L,60,group_22L_60,BATCH1,251,2025-05-14,18.67
916466-22L-60-3-SOX10,/media/tmurphy/4TB_HDD/exp383/merged_fastq/916466-22L-60-3-SOX10_R1.fastq.gz,/media/tmurphy/4TB_HDD/exp383/merged_fastq/916466-22L-60-3-SOX10_R2.fastq.gz,auto,916466,SOX10,22L,60,group_22L_60,BATCH1,251,2025-05-14,18.67
916466-22L-60-3-SOX2,/media/tmurphy/4TB_HDD/exp383/merged_fastq/916466-22L-60-3-SOX2_R1.fastq.gz,/media/tmurphy/4TB_HDD/exp383/merged_fastq/916466-22L-60-3-SOX2_R2.fastq.gz,auto,916466,SOX2,22L,60,group_22L_60,BATCH1,251,2025-05-14,18.67
916466-22L-60-3-PU1,/media/tmurphy/4TB_HDD/exp383/merged_fastq/916466-22L-60-3-PU1_R1.fastq.gz,/media/tmurphy/4TB_HDD/exp383/merged_fastq/916466-22L-60-3-PU1_R2.fastq.gz,auto,916466,PU1,22L,60,group_22L_60,BATCH1,251,2025-05-14,18.67
916440-ME7-120-18-NeuN,/media/tmurphy/4TB_HDD/exp383/merged_fastq/916440-ME7-120-18-NeuN_R1.fastq.gz,/media/tmurphy/4TB_HDD/exp383/merged_fastq/916440-ME7-120-18-NeuN_R2.fastq.gz,auto,916440,NeuN,ME7,120,group_ME7_120,BATCH1,250,2025-05-14,19.25
916440-ME7-120-18-SOX10,/media/tmurphy/4TB_HDD/exp383/merged_fastq/916440-ME7-120-18-SOX10_R1.fastq.gz,/media/tmurphy/4TB_HDD/exp383/merged_fastq/916440-ME7-120-18-SOX10_R2.fastq.gz,auto,916440,SOX10,ME7,120,group_ME7_120,BATCH1,250,2025-05-14,19.25
916440-ME7-120-18-SOX2,/media/tmurphy/4TB_HDD/exp383/merged_fastq/916440-ME7-120-18-SOX2_R1.fastq.gz,/media/tmurphy/4TB_HDD/exp383/merged_fastq/916440-ME7-120-18-SOX2_R2.fastq.gz,auto,916440,SOX2,ME7,120,group_ME7_120,BATCH1,250,2025-05-14,19.25
916440-ME7-120-18-PU1,/media/tmurphy/4TB_HDD/exp383/merged_fastq/916440-ME7-120-18-PU1_R1.fastq.gz,/media/tmurphy/4TB_HDD/exp383/merged_fastq/916440-ME7-120-18-PU1_R2.fastq.gz,auto,916440,PU1,ME7,120,group_ME7_120,BATCH1,250,2025-05-14,19.25
918293-CBH-90-12-NeuN,/media/tmurphy/4TB_HDD/exp383/merged_fastq/918293-CBH-90-12-NeuN_R1.fastq.gz,/media/tmurphy/4TB_HDD/exp383/merged_fastq/918293-CBH-90-12-NeuN_R2.fastq.gz,auto,918293,NeuN,CBH,90,group_CBH_90,BATCH4,267,2025-05-15,17.45
918293-CBH-90-12-SOX10,/media/tmurphy/4TB_HDD/exp383/merged_fastq/918293-CBH-90-12-SOX10_R1.fastq.gz,/media/tmurphy/4TB_HDD/exp383/merged_fastq/918293-CBH-90-12-SOX10_R2.fastq.gz,auto,918293,SOX10,CBH,90,group_CBH_90,BATCH4,267,2025-05-15,17.45
918293-CBH-90-12-SOX2,/media/tmurphy/4TB_HDD/exp383/merged_fastq/918293-CBH-90-12-SOX2_R1.fastq.gz,/media/tmurphy/4TB_HDD/exp383/merged_fastq/918293-CBH-90-12-SOX2_R2.fastq.gz,auto,918293,SOX2,CBH,90,group_CBH_90,BATCH4,267,2025-05-15,17.45
918293-CBH-90-12-PU1,/media/tmurphy/4TB_HDD/exp383/merged_fastq/918293-CBH-90-12-PU1_R1.fastq.gz,/media/tmurphy/4TB_HDD/exp383/merged_fastq/918293-CBH-90-12-PU1_R2.fastq.gz,auto,918293,PU1,CBH,90,group_CBH_90,BATCH4,267,2025-05-15,17.45
916504-ME7-90-10-NeuN,/media/tmurphy/4TB_HDD/exp383/merged_fastq/916504-ME7-90-10-NeuN_R1.fastq.gz,/media/tmurphy/4TB_HDD/exp383/merged_fastq/916504-ME7-90-10-NeuN_R2.fastq.gz,auto,916504,NeuN,ME7,90,group_ME7_90,BATCH2,242,2025-05-19,18.83
916504-ME7-90-10-SOX10,/media/tmurphy/4TB_HDD/exp383/merged_fastq/916504-ME7-90-10-SOX10_R1.fastq.gz,/media/tmurphy/4TB_HDD/exp383/merged_fastq/916504-ME7-90-10-SOX10_R2.fastq.gz,auto,916504,SOX10,ME7,90,group_ME7_90,BATCH2,242,2025-05-19,18.83
916504-ME7-90-10-SOX2,/media/tmurphy/4TB_HDD/exp383/merged_fastq/916504-ME7-90-10-SOX2_R1.fastq.gz,/media/tmurphy/4TB_HDD/exp383/merged_fastq/916504-ME7-90-10-SOX2_R2.fastq.gz,auto,916504,SOX2,ME7,90,group_ME7_90,BATCH2,242,2025-05-19,18.83
916504-ME7-90-10-PU1,/media/tmurphy/4TB_HDD/exp383/merged_fastq/916504-ME7-90-10-PU1_R1.fastq.gz,/media/tmurphy/4TB_HDD/exp383/merged_fastq/916504-ME7-90-10-PU1_R2.fastq.gz,auto,916504,PU1,ME7,90,group_ME7_90,BATCH2,242,2025-05-19,18.83
918289-ME7-60-2-NeuN,/media/tmurphy/4TB_HDD/exp383/merged_fastq/918289-ME7-60-2-NeuN_R1.fastq.gz,/media/tmurphy/4TB_HDD/exp383/merged_fastq/918289-ME7-60-2-NeuN_R2.fastq.gz,auto,918289,NeuN,ME7,60,group_ME7_60,BATCH4,219,2025-05-19,19.17
918289-ME7-60-2-SOX10,/media/tmurphy/4TB_HDD/exp383/merged_fastq/918289-ME7-60-2-SOX10_R1.fastq.gz,/media/tmurphy/4TB_HDD/exp383/merged_fastq/918289-ME7-60-2-SOX10_R2.fastq.gz,auto,918289,SOX10,ME7,60,group_ME7_60,BATCH4,219,2025-05-19,19.17
918289-ME7-60-2-SOX2,/media/tmurphy/4TB_HDD/exp383/merged_fastq/918289-ME7-60-2-SOX2_R1.fastq.gz,/media/tmurphy/4TB_HDD/exp383/merged_fastq/918289-ME7-60-2-SOX2_R2.fastq.gz,auto,918289,SOX2,ME7,60,group_ME7_60,BATCH4,219,2025-05-19,19.17
918289-ME7-60-2-PU1,/media/tmurphy/4TB_HDD/exp383/merged_fastq/918289-ME7-60-2-PU1_R1.fastq.gz,/media/tmurphy/4TB_HDD/exp383/merged_fastq/918289-ME7-60-2-PU1_R2.fastq.gz,auto,918289,PU1,ME7,60,group_ME7_60,BATCH4,219,2025-05-19,19.17
918280-CBH-90-12-NeuN,/media/tmurphy/4TB_HDD/exp383/merged_fastq/918280-CBH-90-12-NeuN_R1.fastq.gz,/media/tmurphy/4TB_HDD/exp383/merged_fastq/918280-CBH-90-12-NeuN_R2.fastq.gz,auto,918280,NeuN,CBH,90,group_CBH_90,BATCH4,208,2025-05-20,17.17
918280-CBH-90-12-SOX10,/media/tmurphy/4TB_HDD/exp383/merged_fastq/918280-CBH-90-12-SOX10_R1.fastq.gz,/media/tmurphy/4TB_HDD/exp383/merged_fastq/918280-CBH-90-12-SOX10_R2.fastq.gz,auto,918280,SOX10,CBH,90,group_CBH_90,BATCH4,208,2025-05-20,17.17
918280-CBH-90-12-SOX2,/media/tmurphy/4TB_HDD/exp383/merged_fastq/918280-CBH-90-12-SOX2_R1.fastq.gz,/media/tmurphy/4TB_HDD/exp383/merged_fastq/918280-CBH-90-12-SOX2_R2.fastq.gz,auto,918280,SOX2,CBH,90,group_CBH_90,BATCH4,208,2025-05-20,17.17
918280-CBH-90-12-PU1,/media/tmurphy/4TB_HDD/exp383/merged_fastq/918280-CBH-90-12-PU1_R1.fastq.gz,/media/tmurphy/4TB_HDD/exp383/merged_fastq/918280-CBH-90-12-PU1_R2.fastq.gz,auto,918280,PU1,CBH,90,group_CBH_90,BATCH4,208,2025-05-20,17.17
918302-RML-60-1-NeuN,/media/tmurphy/4TB_HDD/exp383/merged_fastq/918302-RML-60-1-NeuN_R1.fastq.gz,/media/tmurphy/4TB_HDD/exp383/merged_fastq/918302-RML-60-1-NeuN_R2.fastq.gz,auto,918302,NeuN,RML,60,group_RML_60,BATCH4,270,2025-05-21,18.0
918302-RML-60-1-SOX10,/media/tmurphy/4TB_HDD/exp383/merged_fastq/918302-RML-60-1-SOX10_R1.fastq.gz,/media/tmurphy/4TB_HDD/exp383/merged_fastq/918302-RML-60-1-SOX10_R2.fastq.gz,auto,918302,SOX10,RML,60,group_RML_60,BATCH4,270,2025-05-21,18.0
918302-RML-60-1-SOX2,/media/tmurphy/4TB_HDD/exp383/merged_fastq/918302-RML-60-1-SOX2_R1.fastq.gz,/media/tmurphy/4TB_HDD/exp383/merged_fastq/918302-RML-60-1-SOX2_R2.fastq.gz,auto,918302,SOX2,RML,60,group_RML_60,BATCH4,270,2025-05-21,18.0
918302-RML-60-1-PU1,/media/tmurphy/4TB_HDD/exp383/merged_fastq/918302-RML-60-1-PU1_R1.fastq.gz,/media/tmurphy/4TB_HDD/exp383/merged_fastq/918302-RML-60-1-PU1_R2.fastq.gz,auto,918302,PU1,RML,60,group_RML_60,BATCH4,270,2025-05-21,18.0
918296-CBH-60-4-NeuN,/media/tmurphy/4TB_HDD/exp383/merged_fastq/918296-CBH-60-4-NeuN_R1.fastq.gz,/media/tmurphy/4TB_HDD/exp383/merged_fastq/918296-CBH-60-4-NeuN_R2.fastq.gz,auto,918296,NeuN,CBH,60,group_CBH_60,BATCH4,200,2025-05-21,18.67
918296-CBH-60-4-SOX10,/media/tmurphy/4TB_HDD/exp383/merged_fastq/918296-CBH-60-4-SOX10_R1.fastq.gz,/media/tmurphy/4TB_HDD/exp383/merged_fastq/918296-CBH-60-4-SOX10_R2.fastq.gz,auto,918296,SOX10,CBH,60,group_CBH_60,BATCH4,200,2025-05-21,18.67
918296-CBH-60-4-SOX2,/media/tmurphy/4TB_HDD/exp383/merged_fastq/918296-CBH-60-4-SOX2_R1.fastq.gz,/media/tmurphy/4TB_HDD/exp383/merged_fastq/918296-CBH-60-4-SOX2_R2.fastq.gz,auto,918296,SOX2,CBH,60,group_CBH_60,BATCH4,200,2025-05-21,18.67
918296-CBH-60-4-PU1,/media/tmurphy/4TB_HDD/exp383/merged_fastq/918296-CBH-60-4-PU1_R1.fastq.gz,/media/tmurphy/4TB_HDD/exp383/merged_fastq/918296-CBH-60-4-PU1_R2.fastq.gz,auto,918296,PU1,CBH,60,group_CBH_60,BATCH4,200,2025-05-21,18.67
917444-ME7-120-18-NeuN,/media/tmurphy/4TB_HDD/exp383/merged_fastq/917444-ME7-120-18-NeuN_R1.fastq.gz,/media/tmurphy/4TB_HDD/exp383/merged_fastq/917444-ME7-120-18-NeuN_R2.fastq.gz,auto,917444,NeuN,ME7,120,group_ME7_120,BATCH3,252,2025-05-22,16.75
917444-ME7-120-18-SOX10,/media/tmurphy/4TB_HDD/exp383/merged_fastq/917444-ME7-120-18-SOX10_R1.fastq.gz,/media/tmurphy/4TB_HDD/exp383/merged_fastq/917444-ME7-120-18-SOX10_R2.fastq.gz,auto,917444,SOX10,ME7,120,group_ME7_120,BATCH3,252,2025-05-22,16.75
917444-ME7-120-18-SOX2,/media/tmurphy/4TB_HDD/exp383/merged_fastq/917444-ME7-120-18-SOX2_R1.fastq.gz,/media/tmurphy/4TB_HDD/exp383/merged_fastq/917444-ME7-120-18-SOX2_R2.fastq.gz,auto,917444,SOX2,ME7,120,group_ME7_120,BATCH3,252,2025-05-22,16.75
917444-ME7-120-18-PU1,/media/tmurphy/4TB_HDD/exp383/merged_fastq/917444-ME7-120-18-PU1_R1.fastq.gz,/media/tmurphy/4TB_HDD/exp383/merged_fastq/917444-ME7-120-18-PU1_R2.fastq.gz,auto,917444,PU1,ME7,120,group_ME7_120,BATCH3,252,2025-05-22,16.75
916500-RML-120-17-NeuN,/media/tmurphy/4TB_HDD/exp383/merged_fastq/916500-RML-120-17-NeuN_R1.fastq.gz,/media/tmurphy/4TB_HDD/exp383/merged_fastq/916500-RML-120-17-NeuN_R2.fastq.gz,auto,916500,NeuN,RML,120,group_RML_120,BATCH2,211,2025-05-22,18.28
916500-RML-120-17-SOX10,/media/tmurphy/4TB_HDD/exp383/merged_fastq/916500-RML-120-17-SOX10_R1.fastq.gz,/media/tmurphy/4TB_HDD/exp383/merged_fastq/916500-RML-120-17-SOX10_R2.fastq.gz,auto,916500,SOX10,RML,120,group_RML_120,BATCH2,211,2025-05-22,18.28
916500-RML-120-17-SOX2,/media/tmurphy/4TB_HDD/exp383/merged_fastq/916500-RML-120-17-SOX2_R1.fastq.gz,/media/tmurphy/4TB_HDD/exp383/merged_fastq/916500-RML-120-17-SOX2_R2.fastq.gz,auto,916500,SOX2,RML,120,group_RML_120,BATCH2,211,2025-05-22,18.28
916500-RML-120-17-PU1,/media/tmurphy/4TB_HDD/exp383/merged_fastq/916500-RML-120-17-PU1_R1.fastq.gz,/media/tmurphy/4TB_HDD/exp383/merged_fastq/916500-RML-120-17-PU1_R2.fastq.gz,auto,916500,PU1,RML,120,group_RML_120,BATCH2,211,2025-05-22,18.28
918261-ME7-90-10-NeuN,/media/tmurphy/4TB_HDD/exp383/merged_fastq/918261-ME7-90-10-NeuN_R1.fastq.gz,/media/tmurphy/4TB_HDD/exp383/merged_fastq/918261-ME7-90-10-NeuN_R2.fastq.gz,auto,918261,NeuN,ME7,90,group_ME7_90,BATCH4,255,2025-05-28,18.92
918261-ME7-90-10-SOX10,/media/tmurphy/4TB_HDD/exp383/merged_fastq/918261-ME7-90-10-SOX10_R1.fastq.gz,/media/tmurphy/4TB_HDD/exp383/merged_fastq/918261-ME7-90-10-SOX10_R2.fastq.gz,auto,918261,SOX10,ME7,90,group_ME7_90,BATCH4,255,2025-05-28,18.92
918261-ME7-90-10-SOX2,/media/tmurphy/4TB_HDD/exp383/merged_fastq/918261-ME7-90-10-SOX2_R1.fastq.gz,/media/tmurphy/4TB_HDD/exp383/merged_fastq/918261-ME7-90-10-SOX2_R2.fastq.gz,auto,918261,SOX2,ME7,90,group_ME7_90,BATCH4,255,2025-05-28,18.92
918261-ME7-90-10-PU1,/media/tmurphy/4TB_HDD/exp383/merged_fastq/918261-ME7-90-10-PU1_R1.fastq.gz,/media/tmurphy/4TB_HDD/exp383/merged_fastq/918261-ME7-90-10-PU1_R2.fastq.gz,auto,918261,PU1,ME7,90,group_ME7_90,BATCH4,255,2025-05-28,18.92
918264-22L-90-11-NeuN,/media/tmurphy/4TB_HDD/exp383/merged_fastq/918264-22L-90-11-NeuN_R1.fastq.gz,/media/tmurphy/4TB_HDD/exp383/merged_fastq/918264-22L-90-11-NeuN_R2.fastq.gz,auto,918264,NeuN,22L,90,group_22L_90,BATCH4,224,2025-05-28,19.28
918264-22L-90-11-SOX10,/media/tmurphy/4TB_HDD/exp383/merged_fastq/918264-22L-90-11-SOX10_R1.fastq.gz,/media/tmurphy/4TB_HDD/exp383/merged_fastq/918264-22L-90-11-SOX10_R2.fastq.gz,auto,918264,SOX10,22L,90,group_22L_90,BATCH4,224,2025-05-28,19.28
918264-22L-90-11-SOX2,/media/tmurphy/4TB_HDD/exp383/merged_fastq/918264-22L-90-11-SOX2_R1.fastq.gz,/media/tmurphy/4TB_HDD/exp383/merged_fastq/918264-22L-90-11-SOX2_R2.fastq.gz,auto,918264,SOX2,22L,90,group_22L_90,BATCH4,224,2025-05-28,19.28
918264-22L-90-11-PU1,/media/tmurphy/4TB_HDD/exp383/merged_fastq/918264-22L-90-11-PU1_R1.fastq.gz,/media/tmurphy/4TB_HDD/exp383/merged_fastq/918264-22L-90-11-PU1_R2.fastq.gz,auto,918264,PU1,22L,90,group_22L_90,BATCH4,224,2025-05-28,19.28
918276-ME7-120-18-NeuN,/media/tmurphy/4TB_HDD/exp383/merged_fastq/918276-ME7-120-18-NeuN_R1.fastq.gz,/media/tmurphy/4TB_HDD/exp383/merged_fastq/918276-ME7-120-18-NeuN_R2.fastq.gz,auto,918276,NeuN,ME7,120,group_ME7_120,BATCH4,240,2025-05-29,17.47
918276-ME7-120-18-SOX10,/media/tmurphy/4TB_HDD/exp383/merged_fastq/918276-ME7-120-18-SOX10_R1.fastq.gz,/media/tmurphy/4TB_HDD/exp383/merged_fastq/918276-ME7-120-18-SOX10_R2.fastq.gz,auto,918276,SOX10,ME7,120,group_ME7_120,BATCH4,240,2025-05-29,17.47
918276-ME7-120-18-SOX2,/media/tmurphy/4TB_HDD/exp383/merged_fastq/918276-ME7-120-18-SOX2_R1.fastq.gz,/media/tmurphy/4TB_HDD/exp383/merged_fastq/918276-ME7-120-18-SOX2_R2.fastq.gz,auto,918276,SOX2,ME7,120,group_ME7_120,BATCH4,240,2025-05-29,17.47
918276-ME7-120-18-PU1,/media/tmurphy/4TB_HDD/exp383/merged_fastq/918276-ME7-120-18-PU1_R1.fastq.gz,/media/tmurphy/4TB_HDD/exp383/merged_fastq/918276-ME7-120-18-PU1_R2.fastq.gz,auto,918276,PU1,ME7,120,group_ME7_120,BATCH4,240,2025-05-29,17.47
918274-22L-60-3-NeuN,/media/tmurphy/4TB_HDD/exp383/merged_fastq/918274-22L-60-3-NeuN_R1.fastq.gz,/media/tmurphy/4TB_HDD/exp383/merged_fastq/918274-22L-60-3-NeuN_R2.fastq.gz,auto,918274,NeuN,22L,60,group_22L_60,BATCH4,241,2025-05-29,18.07
918274-22L-60-3-SOX10,/media/tmurphy/4TB_HDD/exp383/merged_fastq/918274-22L-60-3-SOX10_R1.fastq.gz,/media/tmurphy/4TB_HDD/exp383/merged_fastq/918274-22L-60-3-SOX10_R2.fastq.gz,auto,918274,SOX10,22L,60,group_22L_60,BATCH4,241,2025-05-29,18.07
918274-22L-60-3-SOX2,/media/tmurphy/4TB_HDD/exp383/merged_fastq/918274-22L-60-3-SOX2_R1.fastq.gz,/media/tmurphy/4TB_HDD/exp383/merged_fastq/918274-22L-60-3-SOX2_R2.fastq.gz,auto,918274,SOX2,22L,60,group_22L_60,BATCH4,241,2025-05-29,18.07
918274-22L-60-3-PU1,/media/tmurphy/4TB_HDD/exp383/merged_fastq/918274-22L-60-3-PU1_R1.fastq.gz,/media/tmurphy/4TB_HDD/exp383/merged_fastq/918274-22L-60-3-PU1_R2.fastq.gz,auto,918274,PU1,22L,60,group_22L_60,BATCH4,241,2025-05-29,18.07
918291-ME7-90-10-NeuN,/media/tmurphy/4TB_HDD/exp383/merged_fastq/918291-ME7-90-10-NeuN_R1.fastq.gz,/media/tmurphy/4TB_HDD/exp383/merged_fastq/918291-ME7-90-10-NeuN_R2.fastq.gz,auto,918291,NeuN,ME7,90,group_ME7_90,BATCH4,238,2025-06-02,19.23
918291-ME7-90-10-SOX10,/media/tmurphy/4TB_HDD/exp383/merged_fastq/918291-ME7-90-10-SOX10_R1.fastq.gz,/media/tmurphy/4TB_HDD/exp383/merged_fastq/918291-ME7-90-10-SOX10_R2.fastq.gz,auto,918291,SOX10,ME7,90,group_ME7_90,BATCH4,238,2025-06-02,19.23
918291-ME7-90-10-SOX2,/media/tmurphy/4TB_HDD/exp383/merged_fastq/918291-ME7-90-10-SOX2_R1.fastq.gz,/media/tmurphy/4TB_HDD/exp383/merged_fastq/918291-ME7-90-10-SOX2_R2.fastq.gz,auto,918291,SOX2,ME7,90,group_ME7_90,BATCH4,238,2025-06-02,19.23
918291-ME7-90-10-PU1,/media/tmurphy/4TB_HDD/exp383/merged_fastq/918291-ME7-90-10-PU1_R1.fastq.gz,/media/tmurphy/4TB_HDD/exp383/merged_fastq/918291-ME7-90-10-PU1_R2.fastq.gz,auto,918291,PU1,ME7,90,group_ME7_90,BATCH4,238,2025-06-02,19.23
917461-CBH-90-12-NeuN,/media/tmurphy/4TB_HDD/exp383/merged_fastq/917461-CBH-90-12-NeuN_R1.fastq.gz,/media/tmurphy/4TB_HDD/exp383/merged_fastq/917461-CBH-90-12-NeuN_R2.fastq.gz,auto,917461,NeuN,CBH,90,group_CBH_90,BATCH3,229,2025-06-02,19.78
917461-CBH-90-12-SOX10,/media/tmurphy/4TB_HDD/exp383/merged_fastq/917461-CBH-90-12-SOX10_R1.fastq.gz,/media/tmurphy/4TB_HDD/exp383/merged_fastq/917461-CBH-90-12-SOX10_R2.fastq.gz,auto,917461,SOX10,CBH,90,group_CBH_90,BATCH3,229,2025-06-02,19.78
917461-CBH-90-12-SOX2,/media/tmurphy/4TB_HDD/exp383/merged_fastq/917461-CBH-90-12-SOX2_R1.fastq.gz,/media/tmurphy/4TB_HDD/exp383/merged_fastq/917461-CBH-90-12-SOX2_R2.fastq.gz,auto,917461,SOX2,CBH,90,group_CBH_90,BATCH3,229,2025-06-02,19.78
917461-CBH-90-12-PU1,/media/tmurphy/4TB_HDD/exp383/merged_fastq/917461-CBH-90-12-PU1_R1.fastq.gz,/media/tmurphy/4TB_HDD/exp383/merged_fastq/917461-CBH-90-12-PU1_R2.fastq.gz,auto,917461,PU1,CBH,90,group_CBH_90,BATCH3,229,2025-06-02,19.78
918263-CBH-120-20-NeuN,/media/tmurphy/4TB_HDD/exp383/merged_fastq/918263-CBH-120-20-NeuN_R1.fastq.gz,/media/tmurphy/4TB_HDD/exp383/merged_fastq/918263-CBH-120-20-NeuN_R2.fastq.gz,auto,918263,NeuN,CBH,120,group_CBH_120,BATCH4,235,2025-06-03,17.6
918263-CBH-120-20-SOX10,/media/tmurphy/4TB_HDD/exp383/merged_fastq/918263-CBH-120-20-SOX10_R1.fastq.gz,/media/tmurphy/4TB_HDD/exp383/merged_fastq/918263-CBH-120-20-SOX10_R2.fastq.gz,auto,918263,SOX10,CBH,120,group_CBH_120,BATCH4,235,2025-06-03,17.6
918263-CBH-120-20-SOX2,/media/tmurphy/4TB_HDD/exp383/merged_fastq/918263-CBH-120-20-SOX2_R1.fastq.gz,/media/tmurphy/4TB_HDD/exp383/merged_fastq/918263-CBH-120-20-SOX2_R2.fastq.gz,auto,918263,SOX2,CBH,120,group_CBH_120,BATCH4,235,2025-06-03,17.6
918263-CBH-120-20-PU1,/media/tmurphy/4TB_HDD/exp383/merged_fastq/918263-CBH-120-20-PU1_R1.fastq.gz,/media/tmurphy/4TB_HDD/exp383/merged_fastq/918263-CBH-120-20-PU1_R2.fastq.gz,auto,918263,PU1,CBH,120,group_CBH_120,BATCH4,235,2025-06-03,17.6
916525-ME7-60-2-NeuN,/media/tmurphy/4TB_HDD/exp383/merged_fastq/916525-ME7-60-2-NeuN_R1.fastq.gz,/media/tmurphy/4TB_HDD/exp383/merged_fastq/916525-ME7-60-2-NeuN_R2.fastq.gz,auto,916525,NeuN,ME7,60,group_ME7_60,BATCH2,209,2025-06-03,17.58
916525-ME7-60-2-SOX10,/media/tmurphy/4TB_HDD/exp383/merged_fastq/916525-ME7-60-2-SOX10_R1.fastq.gz,/media/tmurphy/4TB_HDD/exp383/merged_fastq/916525-ME7-60-2-SOX10_R2.fastq.gz,auto,916525,SOX10,ME7,60,group_ME7_60,BATCH2,209,2025-06-03,17.58
916525-ME7-60-2-SOX2,/media/tmurphy/4TB_HDD/exp383/merged_fastq/916525-ME7-60-2-SOX2_R1.fastq.gz,/media/tmurphy/4TB_HDD/exp383/merged_fastq/916525-ME7-60-2-SOX2_R2.fastq.gz,auto,916525,SOX2,ME7,60,group_ME7_60,BATCH2,209,2025-06-03,17.58
916525-ME7-60-2-PU1,/media/tmurphy/4TB_HDD/exp383/merged_fastq/916525-ME7-60-2-PU1_R1.fastq.gz,/media/tmurphy/4TB_HDD/exp383/merged_fastq/916525-ME7-60-2-PU1_R2.fastq.gz,auto,916525,PU1,ME7,60,group_ME7_60,BATCH2,209,2025-06-03,17.58
916507-ME7-120-18-NeuN,/media/tmurphy/4TB_HDD/exp383/merged_fastq/916507-ME7-120-18-NeuN_R1.fastq.gz,/media/tmurphy/4TB_HDD/exp383/merged_fastq/916507-ME7-120-18-NeuN_R2.fastq.gz,auto,916507,NeuN,ME7,120,group_ME7_120,BATCH2,235,2025-06-04,19.2
916507-ME7-120-18-SOX10,/media/tmurphy/4TB_HDD/exp383/merged_fastq/916507-ME7-120-18-SOX10_R1.fastq.gz,/media/tmurphy/4TB_HDD/exp383/merged_fastq/916507-ME7-120-18-SOX10_R2.fastq.gz,auto,916507,SOX10,ME7,120,group_ME7_120,BATCH2,235,2025-06-04,19.2
916507-ME7-120-18-SOX2,/media/tmurphy/4TB_HDD/exp383/merged_fastq/916507-ME7-120-18-SOX2_R1.fastq.gz,/media/tmurphy/4TB_HDD/exp383/merged_fastq/916507-ME7-120-18-SOX2_R2.fastq.gz,auto,916507,SOX2,ME7,120,group_ME7_120,BATCH2,235,2025-06-04,19.2
916507-ME7-120-18-PU1,/media/tmurphy/4TB_HDD/exp383/merged_fastq/916507-ME7-120-18-PU1_R1.fastq.gz,/media/tmurphy/4TB_HDD/exp383/merged_fastq/916507-ME7-120-18-PU1_R2.fastq.gz,auto,916507,PU1,ME7,120,group_ME7_120,BATCH2,235,2025-06-04,19.2
916439-CBH-90-12-NeuN,/media/tmurphy/4TB_HDD/exp383/merged_fastq/916439-CBH-90-12-NeuN_R1.fastq.gz,/media/tmurphy/4TB_HDD/exp383/merged_fastq/916439-CBH-90-12-NeuN_R2.fastq.gz,auto,916439,NeuN,CBH,90,group_CBH_90,BATCH1,252,2025-06-04,19.38
916439-CBH-90-12-SOX10,/media/tmurphy/4TB_HDD/exp383/merged_fastq/916439-CBH-90-12-SOX10_R1.fastq.gz,/media/tmurphy/4TB_HDD/exp383/merged_fastq/916439-CBH-90-12-SOX10_R2.fastq.gz,auto,916439,SOX10,CBH,90,group_CBH_90,BATCH1,252,2025-06-04,19.38
916439-CBH-90-12-SOX2,/media/tmurphy/4TB_HDD/exp383/merged_fastq/916439-CBH-90-12-SOX2_R1.fastq.gz,/media/tmurphy/4TB_HDD/exp383/merged_fastq/916439-CBH-90-12-SOX2_R2.fastq.gz,auto,916439,SOX2,CBH,90,group_CBH_90,BATCH1,252,2025-06-04,19.38
916439-CBH-90-12-PU1,/media/tmurphy/4TB_HDD/exp383/merged_fastq/916439-CBH-90-12-PU1_R1.fastq.gz,/media/tmurphy/4TB_HDD/exp383/merged_fastq/916439-CBH-90-12-PU1_R2.fastq.gz,auto,916439,PU1,CBH,90,group_CBH_90,BATCH1,252,2025-06-04,19.38
916458-ME7-90-10-NeuN,/media/tmurphy/4TB_HDD/exp383/merged_fastq/916458-ME7-90-10-NeuN_R1.fastq.gz,/media/tmurphy/4TB_HDD/exp383/merged_fastq/916458-ME7-90-10-NeuN_R2.fastq.gz,auto,916458,NeuN,ME7,90,group_ME7_90,BATCH1,241,2025-06-10,18.9
916458-ME7-90-10-SOX10,/media/tmurphy/4TB_HDD/exp383/merged_fastq/916458-ME7-90-10-SOX10_R1.fastq.gz,/media/tmurphy/4TB_HDD/exp383/merged_fastq/916458-ME7-90-10-SOX10_R2.fastq.gz,auto,916458,SOX10,ME7,90,group_ME7_90,BATCH1,241,2025-06-10,18.9
916458-ME7-90-10-SOX2,/media/tmurphy/4TB_HDD/exp383/merged_fastq/916458-ME7-90-10-SOX2_R1.fastq.gz,/media/tmurphy/4TB_HDD/exp383/merged_fastq/916458-ME7-90-10-SOX2_R2.fastq.gz,auto,916458,SOX2,ME7,90,group_ME7_90,BATCH1,241,2025-06-10,18.9
916458-ME7-90-10-PU1,/media/tmurphy/4TB_HDD/exp383/merged_fastq/916458-ME7-90-10-PU1_R1.fastq.gz,/media/tmurphy/4TB_HDD/exp383/merged_fastq/916458-ME7-90-10-PU1_R2.fastq.gz,auto,916458,PU1,ME7,90,group_ME7_90,BATCH1,241,2025-06-10,18.9
918285-CBH-90-12-NeuN,/media/tmurphy/4TB_HDD/exp383/merged_fastq/918285-CBH-90-12-NeuN_R1.fastq.gz,/media/tmurphy/4TB_HDD/exp383/merged_fastq/918285-CBH-90-12-NeuN_R2.fastq.gz,auto,918285,NeuN,CBH,90,group_CBH_90,BATCH4,284,2025-06-10,19.63
918285-CBH-90-12-SOX10,/media/tmurphy/4TB_HDD/exp383/merged_fastq/918285-CBH-90-12-SOX10_R1.fastq.gz,/media/tmurphy/4TB_HDD/exp383/merged_fastq/918285-CBH-90-12-SOX10_R2.fastq.gz,auto,918285,SOX10,CBH,90,group_CBH_90,BATCH4,284,2025-06-10,19.63
918285-CBH-90-12-SOX2,/media/tmurphy/4TB_HDD/exp383/merged_fastq/918285-CBH-90-12-SOX2_R1.fastq.gz,/media/tmurphy/4TB_HDD/exp383/merged_fastq/918285-CBH-90-12-SOX2_R2.fastq.gz,auto,918285,SOX2,CBH,90,group_CBH_90,BATCH4,284,2025-06-10,19.63
918285-CBH-90-12-PU1,/media/tmurphy/4TB_HDD/exp383/merged_fastq/918285-CBH-90-12-PU1_R1.fastq.gz,/media/tmurphy/4TB_HDD/exp383/merged_fastq/918285-CBH-90-12-PU1_R2.fastq.gz,auto,918285,PU1,CBH,90,group_CBH_90,BATCH4,284,2025-06-10,19.63
918287-CBH-120-20-NeuN,/media/tmurphy/4TB_HDD/exp383/merged_fastq/918287-CBH-120-20-NeuN_R1.fastq.gz,/media/tmurphy/4TB_HDD/exp383/merged_fastq/918287-CBH-120-20-NeuN_R2.fastq.gz,auto,918287,NeuN,CBH,120,group_CBH_120,BATCH4,251,2025-06-11,18.42
918287-CBH-120-20-SOX10,/media/tmurphy/4TB_HDD/exp383/merged_fastq/918287-CBH-120-20-SOX10_R1.fastq.gz,/media/tmurphy/4TB_HDD/exp383/merged_fastq/918287-CBH-120-20-SOX10_R2.fastq.gz,auto,918287,SOX10,CBH,120,group_CBH_120,BATCH4,251,2025-06-11,18.42
918287-CBH-120-20-SOX2,/media/tmurphy/4TB_HDD/exp383/merged_fastq/918287-CBH-120-20-SOX2_R1.fastq.gz,/media/tmurphy/4TB_HDD/exp383/merged_fastq/918287-CBH-120-20-SOX2_R2.fastq.gz,auto,918287,SOX2,CBH,120,group_CBH_120,BATCH4,251,2025-06-11,18.42
918287-CBH-120-20-PU1,/media/tmurphy/4TB_HDD/exp383/merged_fastq/918287-CBH-120-20-PU1_R1.fastq.gz,/media/tmurphy/4TB_HDD/exp383/merged_fastq/918287-CBH-120-20-PU1_R2.fastq.gz,auto,918287,PU1,CBH,120,group_CBH_120,BATCH4,251,2025-06-11,18.42
916459-CBH-60-4-NeuN,/media/tmurphy/4TB_HDD/exp383/merged_fastq/916459-CBH-60-4-NeuN_R1.fastq.gz,/media/tmurphy/4TB_HDD/exp383/merged_fastq/916459-CBH-60-4-NeuN_R2.fastq.gz,auto,916459,NeuN,CBH,60,group_CBH_60,BATCH1,200,2025-06-11,18.67
916459-CBH-60-4-SOX10,/media/tmurphy/4TB_HDD/exp383/merged_fastq/916459-CBH-60-4-SOX10_R1.fastq.gz,/media/tmurphy/4TB_HDD/exp383/merged_fastq/916459-CBH-60-4-SOX10_R2.fastq.gz,auto,916459,SOX10,CBH,60,group_CBH_60,BATCH1,200,2025-06-11,18.67
916459-CBH-60-4-SOX2,/media/tmurphy/4TB_HDD/exp383/merged_fastq/916459-CBH-60-4-SOX2_R1.fastq.gz,/media/tmurphy/4TB_HDD/exp383/merged_fastq/916459-CBH-60-4-SOX2_R2.fastq.gz,auto,916459,SOX2,CBH,60,group_CBH_60,BATCH1,200,2025-06-11,18.67
916459-CBH-60-4-PU1,/media/tmurphy/4TB_HDD/exp383/merged_fastq/916459-CBH-60-4-PU1_R1.fastq.gz,/media/tmurphy/4TB_HDD/exp383/merged_fastq/916459-CBH-60-4-PU1_R2.fastq.gz,auto,916459,PU1,CBH,60,group_CBH_60,BATCH1,200,2025-06-11,18.67
918270-ME7-120-18-NeuN,/media/tmurphy/4TB_HDD/exp383/merged_fastq/918270-ME7-120-18-NeuN_R1.fastq.gz,/media/tmurphy/4TB_HDD/exp383/merged_fastq/918270-ME7-120-18-NeuN_R2.fastq.gz,auto,918270,NeuN,ME7,120,group_ME7_120,BATCH4,252,2025-06-12,17.52
918270-ME7-120-18-SOX10,/media/tmurphy/4TB_HDD/exp383/merged_fastq/918270-ME7-120-18-SOX10_R1.fastq.gz,/media/tmurphy/4TB_HDD/exp383/merged_fastq/918270-ME7-120-18-SOX10_R2.fastq.gz,auto,918270,SOX10,ME7,120,group_ME7_120,BATCH4,252,2025-06-12,17.52
918270-ME7-120-18-SOX2,/media/tmurphy/4TB_HDD/exp383/merged_fastq/918270-ME7-120-18-SOX2_R1.fastq.gz,/media/tmurphy/4TB_HDD/exp383/merged_fastq/918270-ME7-120-18-SOX2_R2.fastq.gz,auto,918270,SOX2,ME7,120,group_ME7_120,BATCH4,252,2025-06-12,17.52
918270-ME7-120-18-PU1,/media/tmurphy/4TB_HDD/exp383/merged_fastq/918270-ME7-120-18-PU1_R1.fastq.gz,/media/tmurphy/4TB_HDD/exp383/merged_fastq/918270-ME7-120-18-PU1_R2.fastq.gz,auto,918270,PU1,ME7,120,group_ME7_120,BATCH4,252,2025-06-12,17.52
916534-RML-90-9-NeuN,/media/tmurphy/4TB_HDD/exp383/merged_fastq/916534-RML-90-9-NeuN_R1.fastq.gz,/media/tmurphy/4TB_HDD/exp383/merged_fastq/916534-RML-90-9-NeuN_R2.fastq.gz,auto,916534,NeuN,RML,90,group_RML_90,BATCH2,213,2025-06-12,17.85
916534-RML-90-9-SOX10,/media/tmurphy/4TB_HDD/exp383/merged_fastq/916534-RML-90-9-SOX10_R1.fastq.gz,/media/tmurphy/4TB_HDD/exp383/merged_fastq/916534-RML-90-9-SOX10_R2.fastq.gz,auto,916534,SOX10,RML,90,group_RML_90,BATCH2,213,2025-06-12,17.85
916534-RML-90-9-SOX2,/media/tmurphy/4TB_HDD/exp383/merged_fastq/916534-RML-90-9-SOX2_R1.fastq.gz,/media/tmurphy/4TB_HDD/exp383/merged_fastq/916534-RML-90-9-SOX2_R2.fastq.gz,auto,916534,SOX2,RML,90,group_RML_90,BATCH2,213,2025-06-12,17.85
916534-RML-90-9-PU1,/media/tmurphy/4TB_HDD/exp383/merged_fastq/916534-RML-90-9-PU1_R1.fastq.gz,/media/tmurphy/4TB_HDD/exp383/merged_fastq/916534-RML-90-9-PU1_R2.fastq.gz,auto,916534,PU1,RML,90,group_RML_90,BATCH2,213,2025-06-12,17.85
918271-22L-90-11-NeuN,/media/tmurphy/4TB_HDD/exp383/merged_fastq/918271-22L-90-11-NeuN_R1.fastq.gz,/media/tmurphy/4TB_HDD/exp383/merged_fastq/918271-22L-90-11-NeuN_R2.fastq.gz,auto,918271,NeuN,22L,90,group_22L_90,BATCH4,232,2025-06-16,19.83
918271-22L-90-11-SOX10,/media/tmurphy/4TB_HDD/exp383/merged_fastq/918271-22L-90-11-SOX10_R1.fastq.gz,/media/tmurphy/4TB_HDD/exp383/merged_fastq/918271-22L-90-11-SOX10_R2.fastq.gz,auto,918271,SOX10,22L,90,group_22L_90,BATCH4,232,2025-06-16,19.83
918271-22L-90-11-SOX2,/media/tmurphy/4TB_HDD/exp383/merged_fastq/918271-22L-90-11-SOX2_R1.fastq.gz,/media/tmurphy/4TB_HDD/exp383/merged_fastq/918271-22L-90-11-SOX2_R2.fastq.gz,auto,918271,SOX2,22L,90,group_22L_90,BATCH4,232,2025-06-16,19.83
918271-22L-90-11-PU1,/media/tmurphy/4TB_HDD/exp383/merged_fastq/918271-22L-90-11-PU1_R1.fastq.gz,/media/tmurphy/4TB_HDD/exp383/merged_fastq/918271-22L-90-11-PU1_R2.fastq.gz,auto,918271,PU1,22L,90,group_22L_90,BATCH4,232,2025-06-16,19.83
916510-22L-60-3-NeuN,/media/tmurphy/4TB_HDD/exp383/merged_fastq/916510-22L-60-3-NeuN_R1.fastq.gz,/media/tmurphy/4TB_HDD/exp383/merged_fastq/916510-22L-60-3-NeuN_R2.fastq.gz,auto,916510,NeuN,22L,60,group_22L_60,BATCH2,242,2025-06-16,19.95
916510-22L-60-3-SOX10,/media/tmurphy/4TB_HDD/exp383/merged_fastq/916510-22L-60-3-SOX10_R1.fastq.gz,/media/tmurphy/4TB_HDD/exp383/merged_fastq/916510-22L-60-3-SOX10_R2.fastq.gz,auto,916510,SOX10,22L,60,group_22L_60,BATCH2,242,2025-06-16,19.95
916510-22L-60-3-SOX2,/media/tmurphy/4TB_HDD/exp383/merged_fastq/916510-22L-60-3-SOX2_R1.fastq.gz,/media/tmurphy/4TB_HDD/exp383/merged_fastq/916510-22L-60-3-SOX2_R2.fastq.gz,auto,916510,SOX2,22L,60,group_22L_60,BATCH2,242,2025-06-16,19.95
916510-22L-60-3-PU1,/media/tmurphy/4TB_HDD/exp383/merged_fastq/916510-22L-60-3-PU1_R1.fastq.gz,/media/tmurphy/4TB_HDD/exp383/merged_fastq/916510-22L-60-3-PU1_R2.fastq.gz,auto,916510,PU1,22L,60,group_22L_60,BATCH2,242,2025-06-16,19.95
918269-22L-120-19-NeuN,/media/tmurphy/4TB_HDD/exp383/merged_fastq/918269-22L-120-19-NeuN_R1.fastq.gz,/media/tmurphy/4TB_HDD/exp383/merged_fastq/918269-22L-120-19-NeuN_R2.fastq.gz,auto,918269,NeuN,22L,120,group_22L_120,BATCH4,232,2025-06-17,17.58
918269-22L-120-19-SOX10,/media/tmurphy/4TB_HDD/exp383/merged_fastq/918269-22L-120-19-SOX10_R1.fastq.gz,/media/tmurphy/4TB_HDD/exp383/merged_fastq/918269-22L-120-19-SOX10_R2.fastq.gz,auto,918269,SOX10,22L,120,group_22L_120,BATCH4,232,2025-06-17,17.58
918269-22L-120-19-SOX2,/media/tmurphy/4TB_HDD/exp383/merged_fastq/918269-22L-120-19-SOX2_R1.fastq.gz,/media/tmurphy/4TB_HDD/exp383/merged_fastq/918269-22L-120-19-SOX2_R2.fastq.gz,auto,918269,SOX2,22L,120,group_22L_120,BATCH4,232,2025-06-17,17.58
918269-22L-120-19-PU1,/media/tmurphy/4TB_HDD/exp383/merged_fastq/918269-22L-120-19-PU1_R1.fastq.gz,/media/tmurphy/4TB_HDD/exp383/merged_fastq/918269-22L-120-19-PU1_R2.fastq.gz,auto,918269,PU1,22L,120,group_22L_120,BATCH4,232,2025-06-17,17.58
918273-RML-60-1-NeuN,/media/tmurphy/4TB_HDD/exp383/merged_fastq/918273-RML-60-1-NeuN_R1.fastq.gz,/media/tmurphy/4TB_HDD/exp383/merged_fastq/918273-RML-60-1-NeuN_R2.fastq.gz,auto,918273,NeuN,RML,60,group_RML_60,BATCH4,179,2025-06-17,17.57
918273-RML-60-1-SOX10,/media/tmurphy/4TB_HDD/exp383/merged_fastq/918273-RML-60-1-SOX10_R1.fastq.gz,/media/tmurphy/4TB_HDD/exp383/merged_fastq/918273-RML-60-1-SOX10_R2.fastq.gz,auto,918273,SOX10,RML,60,group_RML_60,BATCH4,179,2025-06-17,17.57
918273-RML-60-1-SOX2,/media/tmurphy/4TB_HDD/exp383/merged_fastq/918273-RML-60-1-SOX2_R1.fastq.gz,/media/tmurphy/4TB_HDD/exp383/merged_fastq/918273-RML-60-1-SOX2_R2.fastq.gz,auto,918273,SOX2,RML,60,group_RML_60,BATCH4,179,2025-06-17,17.57
918273-RML-60-1-PU1,/media/tmurphy/4TB_HDD/exp383/merged_fastq/918273-RML-60-1-PU1_R1.fastq.gz,/media/tmurphy/4TB_HDD/exp383/merged_fastq/918273-RML-60-1-PU1_R2.fastq.gz,auto,918273,PU1,RML,60,group_RML_60,BATCH4,179,2025-06-17,17.57
918284-22L-60-3-NeuN,/media/tmurphy/4TB_HDD/exp383/merged_fastq/918284-22L-60-3-NeuN_R1.fastq.gz,/media/tmurphy/4TB_HDD/exp383/merged_fastq/918284-22L-60-3-NeuN_R2.fastq.gz,auto,918284,NeuN,22L,60,group_22L_60,BATCH4,235,2025-06-18,18.9
918284-22L-60-3-SOX10,/media/tmurphy/4TB_HDD/exp383/merged_fastq/918284-22L-60-3-SOX10_R1.fastq.gz,/media/tmurphy/4TB_HDD/exp383/merged_fastq/918284-22L-60-3-SOX10_R2.fastq.gz,auto,918284,SOX10,22L,60,group_22L_60,BATCH4,235,2025-06-18,18.9
918284-22L-60-3-SOX2,/media/tmurphy/4TB_HDD/exp383/merged_fastq/918284-22L-60-3-SOX2_R1.fastq.gz,/media/tmurphy/4TB_HDD/exp383/merged_fastq/918284-22L-60-3-SOX2_R2.fastq.gz,auto,918284,SOX2,22L,60,group_22L_60,BATCH4,235,2025-06-18,18.9
918284-22L-60-3-PU1,/media/tmurphy/4TB_HDD/exp383/merged_fastq/918284-22L-60-3-PU1_R1.fastq.gz,/media/tmurphy/4TB_HDD/exp383/merged_fastq/918284-22L-60-3-PU1_R2.fastq.gz,auto,918284,PU1,22L,60,group_22L_60,BATCH4,235,2025-06-18,18.9
917430-22L-90-11-NeuN,/media/tmurphy/4TB_HDD/exp383/merged_fastq/917430-22L-90-11-NeuN_R1.fastq.gz,/media/tmurphy/4TB_HDD/exp383/merged_fastq/917430-22L-90-11-NeuN_R2.fastq.gz,auto,917430,NeuN,22L,90,group_22L_90,BATCH3,207,2025-06-18,19.53
917430-22L-90-11-SOX10,/media/tmurphy/4TB_HDD/exp383/merged_fastq/917430-22L-90-11-SOX10_R1.fastq.gz,/media/tmurphy/4TB_HDD/exp383/merged_fastq/917430-22L-90-11-SOX10_R2.fastq.gz,auto,917430,SOX10,22L,90,group_22L_90,BATCH3,207,2025-06-18,19.53
917430-22L-90-11-SOX2,/media/tmurphy/4TB_HDD/exp383/merged_fastq/917430-22L-90-11-SOX2_R1.fastq.gz,/media/tmurphy/4TB_HDD/exp383/merged_fastq/917430-22L-90-11-SOX2_R2.fastq.gz,auto,917430,SOX2,22L,90,group_22L_90,BATCH3,207,2025-06-18,19.53
917430-22L-90-11-PU1,/media/tmurphy/4TB_HDD/exp383/merged_fastq/917430-22L-90-11-PU1_R1.fastq.gz,/media/tmurphy/4TB_HDD/exp383/merged_fastq/917430-22L-90-11-PU1_R2.fastq.gz,auto,917430,PU1,22L,90,group_22L_90,BATCH3,207,2025-06-18,19.53
917442-ME7-60-2-NeuN,/media/tmurphy/4TB_HDD/exp383/merged_fastq/917442-ME7-60-2-NeuN_R1.fastq.gz,/media/tmurphy/4TB_HDD/exp383/merged_fastq/917442-ME7-60-2-NeuN_R2.fastq.gz,auto,917442,NeuN,ME7,60,group_ME7_60,BATCH3,248,2025-06-19,18.67
917442-ME7-60-2-SOX10,/media/tmurphy/4TB_HDD/exp383/merged_fastq/917442-ME7-60-2-SOX10_R1.fastq.gz,/media/tmurphy/4TB_HDD/exp383/merged_fastq/917442-ME7-60-2-SOX10_R2.fastq.gz,auto,917442,SOX10,ME7,60,group_ME7_60,BATCH3,248,2025-06-19,18.67
917442-ME7-60-2-SOX2,/media/tmurphy/4TB_HDD/exp383/merged_fastq/917442-ME7-60-2-SOX2_R1.fastq.gz,/media/tmurphy/4TB_HDD/exp383/merged_fastq/917442-ME7-60-2-SOX2_R2.fastq.gz,auto,917442,SOX2,ME7,60,group_ME7_60,BATCH3,248,2025-06-19,18.67
917442-ME7-60-2-PU1,/media/tmurphy/4TB_HDD/exp383/merged_fastq/917442-ME7-60-2-PU1_R1.fastq.gz,/media/tmurphy/4TB_HDD/exp383/merged_fastq/917442-ME7-60-2-PU1_R2.fastq.gz,auto,917442,PU1,ME7,60,group_ME7_60,BATCH3,248,2025-06-19,18.67
918267-ME7-120-18-NeuN,/media/tmurphy/4TB_HDD/exp383/merged_fastq/918267-ME7-120-18-NeuN_R1.fastq.gz,/media/tmurphy/4TB_HDD/exp383/merged_fastq/918267-ME7-120-18-NeuN_R2.fastq.gz,auto,918267,NeuN,ME7,120,group_ME7_120,BATCH4,234,2025-06-19,19.03
918267-ME7-120-18-SOX10,/media/tmurphy/4TB_HDD/exp383/merged_fastq/918267-ME7-120-18-SOX10_R1.fastq.gz,/media/tmurphy/4TB_HDD/exp383/merged_fastq/918267-ME7-120-18-SOX10_R2.fastq.gz,auto,918267,SOX10,ME7,120,group_ME7_120,BATCH4,234,2025-06-19,19.03
918267-ME7-120-18-SOX2,/media/tmurphy/4TB_HDD/exp383/merged_fastq/918267-ME7-120-18-SOX2_R1.fastq.gz,/media/tmurphy/4TB_HDD/exp383/merged_fastq/918267-ME7-120-18-SOX2_R2.fastq.gz,auto,918267,SOX2,ME7,120,group_ME7_120,BATCH4,234,2025-06-19,19.03
918267-ME7-120-18-PU1,/media/tmurphy/4TB_HDD/exp383/merged_fastq/918267-ME7-120-18-PU1_R1.fastq.gz,/media/tmurphy/4TB_HDD/exp383/merged_fastq/918267-ME7-120-18-PU1_R2.fastq.gz,auto,918267,PU1,ME7,120,group_ME7_120,BATCH4,234,2025-06-19,19.03
916486-ME7-60-2-NeuN,/media/tmurphy/4TB_HDD/exp383/merged_fastq/916486-ME7-60-2-NeuN_R1.fastq.gz,/media/tmurphy/4TB_HDD/exp383/merged_fastq/916486-ME7-60-2-NeuN_R2.fastq.gz,auto,916486,NeuN,ME7,60,group_ME7_60,BATCH1,241,2025-06-25,18.8
916486-ME7-60-2-SOX10,/media/tmurphy/4TB_HDD/exp383/merged_fastq/916486-ME7-60-2-SOX10_R1.fastq.gz,/media/tmurphy/4TB_HDD/exp383/merged_fastq/916486-ME7-60-2-SOX10_R2.fastq.gz,auto,916486,SOX10,ME7,60,group_ME7_60,BATCH1,241,2025-06-25,18.8
916486-ME7-60-2-SOX2,/media/tmurphy/4TB_HDD/exp383/merged_fastq/916486-ME7-60-2-SOX2_R1.fastq.gz,/media/tmurphy/4TB_HDD/exp383/merged_fastq/916486-ME7-60-2-SOX2_R2.fastq.gz,auto,916486,SOX2,ME7,60,group_ME7_60,BATCH1,241,2025-06-25,18.8
916486-ME7-60-2-PU1,/media/tmurphy/4TB_HDD/exp383/merged_fastq/916486-ME7-60-2-PU1_R1.fastq.gz,/media/tmurphy/4TB_HDD/exp383/merged_fastq/916486-ME7-60-2-PU1_R2.fastq.gz,auto,916486,PU1,ME7,60,group_ME7_60,BATCH1,241,2025-06-25,18.8
916445-22L-90-11-NeuN,/media/tmurphy/4TB_HDD/exp383/merged_fastq/916445-22L-90-11-NeuN_R1.fastq.gz,/media/tmurphy/4TB_HDD/exp383/merged_fastq/916445-22L-90-11-NeuN_R2.fastq.gz,auto,916445,NeuN,22L,90,group_22L_90,BATCH1,220,2025-06-25,19.33
916445-22L-90-11-SOX10,/media/tmurphy/4TB_HDD/exp383/merged_fastq/916445-22L-90-11-SOX10_R1.fastq.gz,/media/tmurphy/4TB_HDD/exp383/merged_fastq/916445-22L-90-11-SOX10_R2.fastq.gz,auto,916445,SOX10,22L,90,group_22L_90,BATCH1,220,2025-06-25,19.33
916445-22L-90-11-SOX2,/media/tmurphy/4TB_HDD/exp383/merged_fastq/916445-22L-90-11-SOX2_R1.fastq.gz,/media/tmurphy/4TB_HDD/exp383/merged_fastq/916445-22L-90-11-SOX2_R2.fastq.gz,auto,916445,SOX2,22L,90,group_22L_90,BATCH1,220,2025-06-25,19.33
916445-22L-90-11-PU1,/media/tmurphy/4TB_HDD/exp383/merged_fastq/916445-22L-90-11-PU1_R1.fastq.gz,/media/tmurphy/4TB_HDD/exp383/merged_fastq/916445-22L-90-11-PU1_R2.fastq.gz,auto,916445,PU1,22L,90,group_22L_90,BATCH1,220,2025-06-25,19.33
916495-CBH-120-20-NeuN,/media/tmurphy/4TB_HDD/exp383/merged_fastq/916495-CBH-120-20-NeuN_R1.fastq.gz,/media/tmurphy/4TB_HDD/exp383/merged_fastq/916495-CBH-120-20-NeuN_R2.fastq.gz,auto,916495,NeuN,CBH,120,group_CBH_120,BATCH1,270,2025-06-26,18.78
916495-CBH-120-20-SOX10,/media/tmurphy/4TB_HDD/exp383/merged_fastq/916495-CBH-120-20-SOX10_R1.fastq.gz,/media/tmurphy/4TB_HDD/exp383/merged_fastq/916495-CBH-120-20-SOX10_R2.fastq.gz,auto,916495,SOX10,CBH,120,group_CBH_120,BATCH1,270,2025-06-26,18.78
916495-CBH-120-20-SOX2,/media/tmurphy/4TB_HDD/exp383/merged_fastq/916495-CBH-120-20-SOX2_R1.fastq.gz,/media/tmurphy/4TB_HDD/exp383/merged_fastq/916495-CBH-120-20-SOX2_R2.fastq.gz,auto,916495,SOX2,CBH,120,group_CBH_120,BATCH1,270,2025-06-26,18.78
916495-CBH-120-20-PU1,/media/tmurphy/4TB_HDD/exp383/merged_fastq/916495-CBH-120-20-PU1_R1.fastq.gz,/media/tmurphy/4TB_HDD/exp383/merged_fastq/916495-CBH-120-20-PU1_R2.fastq.gz,auto,916495,PU1,CBH,120,group_CBH_120,BATCH1,270,2025-06-26,18.78
918286-RML-120-17-NeuN,/media/tmurphy/4TB_HDD/exp383/merged_fastq/918286-RML-120-17-NeuN_R1.fastq.gz,/media/tmurphy/4TB_HDD/exp383/merged_fastq/918286-RML-120-17-NeuN_R2.fastq.gz,auto,918286,NeuN,RML,120,group_RML_120,BATCH4,197,2025-06-26,19.0
918286-RML-120-17-SOX10,/media/tmurphy/4TB_HDD/exp383/merged_fastq/918286-RML-120-17-SOX10_R1.fastq.gz,/media/tmurphy/4TB_HDD/exp383/merged_fastq/918286-RML-120-17-SOX10_R2.fastq.gz,auto,918286,SOX10,RML,120,group_RML_120,BATCH4,197,2025-06-26,19.0
918286-RML-120-17-SOX2,/media/tmurphy/4TB_HDD/exp383/merged_fastq/918286-RML-120-17-SOX2_R1.fastq.gz,/media/tmurphy/4TB_HDD/exp383/merged_fastq/918286-RML-120-17-SOX2_R2.fastq.gz,auto,918286,SOX2,RML,120,group_RML_120,BATCH4,197,2025-06-26,19.0
918286-RML-120-17-PU1,/media/tmurphy/4TB_HDD/exp383/merged_fastq/918286-RML-120-17-PU1_R1.fastq.gz,/media/tmurphy/4TB_HDD/exp383/merged_fastq/918286-RML-120-17-PU1_R2.fastq.gz,auto,918286,PU1,RML,120,group_RML_120,BATCH4,197,2025-06-26,19.0
918266-CBH-120-20-NeuN,/media/tmurphy/4TB_HDD/exp383/merged_fastq/918266-CBH-120-20-NeuN_R1.fastq.gz,/media/tmurphy/4TB_HDD/exp383/merged_fastq/918266-CBH-120-20-NeuN_R2.fastq.gz,auto,918266,NeuN,CBH,120,group_CBH_120,BATCH4,254,2025-06-30,19.05
918266-CBH-120-20-SOX10,/media/tmurphy/4TB_HDD/exp383/merged_fastq/918266-CBH-120-20-SOX10_R1.fastq.gz,/media/tmurphy/4TB_HDD/exp383/merged_fastq/918266-CBH-120-20-SOX10_R2.fastq.gz,auto,918266,SOX10,CBH,120,group_CBH_120,BATCH4,254,2025-06-30,19.05
918266-CBH-120-20-SOX2,/media/tmurphy/4TB_HDD/exp383/merged_fastq/918266-CBH-120-20-SOX2_R1.fastq.gz,/media/tmurphy/4TB_HDD/exp383/merged_fastq/918266-CBH-120-20-SOX2_R2.fastq.gz,auto,918266,SOX2,CBH,120,group_CBH_120,BATCH4,254,2025-06-30,19.05
918266-CBH-120-20-PU1,/media/tmurphy/4TB_HDD/exp383/merged_fastq/918266-CBH-120-20-PU1_R1.fastq.gz,/media/tmurphy/4TB_HDD/exp383/merged_fastq/918266-CBH-120-20-PU1_R2.fastq.gz,auto,918266,PU1,CBH,120,group_CBH_120,BATCH4,254,2025-06-30,19.05
918268-22L-60-3-NeuN,/media/tmurphy/4TB_HDD/exp383/merged_fastq/918268-22L-60-3-NeuN_R1.fastq.gz,/media/tmurphy/4TB_HDD/exp383/merged_fastq/918268-22L-60-3-NeuN_R2.fastq.gz,auto,918268,NeuN,22L,60,group_22L_60,BATCH4,224,2025-06-30,19.73
918268-22L-60-3-SOX10,/media/tmurphy/4TB_HDD/exp383/merged_fastq/918268-22L-60-3-SOX10_R1.fastq.gz,/media/tmurphy/4TB_HDD/exp383/merged_fastq/918268-22L-60-3-SOX10_R2.fastq.gz,auto,918268,SOX10,22L,60,group_22L_60,BATCH4,224,2025-06-30,19.73
918268-22L-60-3-SOX2,/media/tmurphy/4TB_HDD/exp383/merged_fastq/918268-22L-60-3-SOX2_R1.fastq.gz,/media/tmurphy/4TB_HDD/exp383/merged_fastq/918268-22L-60-3-SOX2_R2.fastq.gz,auto,918268,SOX2,22L,60,group_22L_60,BATCH4,224,2025-06-30,19.73
918268-22L-60-3-PU1,/media/tmurphy/4TB_HDD/exp383/merged_fastq/918268-22L-60-3-PU1_R1.fastq.gz,/media/tmurphy/4TB_HDD/exp383/merged_fastq/918268-22L-60-3-PU1_R2.fastq.gz,auto,918268,PU1,22L,60,group_22L_60,BATCH4,224,2025-06-30,19.73
918272-RML-90-9-NeuN,/media/tmurphy/4TB_HDD/exp383/merged_fastq/918272-RML-90-9-NeuN_R1.fastq.gz,/media/tmurphy/4TB_HDD/exp383/merged_fastq/918272-RML-90-9-NeuN_R2.fastq.gz,auto,918272,NeuN,RML,90,group_RML_90,BATCH4,215,2025-07-01,17.47
918272-RML-90-9-SOX10,/media/tmurphy/4TB_HDD/exp383/merged_fastq/918272-RML-90-9-SOX10_R1.fastq.gz,/media/tmurphy/4TB_HDD/exp383/merged_fastq/918272-RML-90-9-SOX10_R2.fastq.gz,auto,918272,SOX10,RML,90,group_RML_90,BATCH4,215,2025-07-01,17.47
918272-RML-90-9-SOX2,/media/tmurphy/4TB_HDD/exp383/merged_fastq/918272-RML-90-9-SOX2_R1.fastq.gz,/media/tmurphy/4TB_HDD/exp383/merged_fastq/918272-RML-90-9-SOX2_R2.fastq.gz,auto,918272,SOX2,RML,90,group_RML_90,BATCH4,215,2025-07-01,17.47
918272-RML-90-9-PU1,/media/tmurphy/4TB_HDD/exp383/merged_fastq/918272-RML-90-9-PU1_R1.fastq.gz,/media/tmurphy/4TB_HDD/exp383/merged_fastq/918272-RML-90-9-PU1_R2.fastq.gz,auto,918272,PU1,RML,90,group_RML_90,BATCH4,215,2025-07-01,17.47
918281-22L-90-11-NeuN,/media/tmurphy/4TB_HDD/exp383/merged_fastq/918281-22L-90-11-NeuN_R1.fastq.gz,/media/tmurphy/4TB_HDD/exp383/merged_fastq/918281-22L-90-11-NeuN_R2.fastq.gz,auto,918281,NeuN,22L,90,group_22L_90,BATCH4,285,2025-07-01,17.77
918281-22L-90-11-SOX10,/media/tmurphy/4TB_HDD/exp383/merged_fastq/918281-22L-90-11-SOX10_R1.fastq.gz,/media/tmurphy/4TB_HDD/exp383/merged_fastq/918281-22L-90-11-SOX10_R2.fastq.gz,auto,918281,SOX10,22L,90,group_22L_90,BATCH4,285,2025-07-01,17.77
918281-22L-90-11-SOX2,/media/tmurphy/4TB_HDD/exp383/merged_fastq/918281-22L-90-11-SOX2_R1.fastq.gz,/media/tmurphy/4TB_HDD/exp383/merged_fastq/918281-22L-90-11-SOX2_R2.fastq.gz,auto,918281,SOX2,22L,90,group_22L_90,BATCH4,285,2025-07-01,17.77
918281-22L-90-11-PU1,/media/tmurphy/4TB_HDD/exp383/merged_fastq/918281-22L-90-11-PU1_R1.fastq.gz,/media/tmurphy/4TB_HDD/exp383/merged_fastq/918281-22L-90-11-PU1_R2.fastq.gz,auto,918281,PU1,22L,90,group_22L_90,BATCH4,285,2025-07-01,17.77
916554-RML-90-9-NeuN,/media/tmurphy/4TB_HDD/exp383/merged_fastq/916554-RML-90-9-NeuN_R1.fastq.gz,/media/tmurphy/4TB_HDD/exp383/merged_fastq/916554-RML-90-9-NeuN_R2.fastq.gz,auto,916554,NeuN,RML,90,group_RML_90,BATCH2,262,2025-07-14,17.93
916554-RML-90-9-SOX10,/media/tmurphy/4TB_HDD/exp383/merged_fastq/916554-RML-90-9-SOX10_R1.fastq.gz,/media/tmurphy/4TB_HDD/exp383/merged_fastq/916554-RML-90-9-SOX10_R2.fastq.gz,auto,916554,SOX10,RML,90,group_RML_90,BATCH2,262,2025-07-14,17.93
916554-RML-90-9-SOX2,/media/tmurphy/4TB_HDD/exp383/merged_fastq/916554-RML-90-9-SOX2_R1.fastq.gz,/media/tmurphy/4TB_HDD/exp383/merged_fastq/916554-RML-90-9-SOX2_R2.fastq.gz,auto,916554,SOX2,RML,90,group_RML_90,BATCH2,262,2025-07-14,17.93
916554-RML-90-9-PU1,/media/tmurphy/4TB_HDD/exp383/merged_fastq/916554-RML-90-9-PU1_R1.fastq.gz,/media/tmurphy/4TB_HDD/exp383/merged_fastq/916554-RML-90-9-PU1_R2.fastq.gz,auto,916554,PU1,RML,90,group_RML_90,BATCH2,262,2025-07-14,17.93
916477-RML-120-17-NeuN,/media/tmurphy/4TB_HDD/exp383/merged_fastq/916477-RML-120-17-NeuN_R1.fastq.gz,/media/tmurphy/4TB_HDD/exp383/merged_fastq/916477-RML-120-17-NeuN_R2.fastq.gz,auto,916477,NeuN,RML,120,group_RML_120,BATCH1,212,2025-07-15,17.52
916477-RML-120-17-SOX10,/media/tmurphy/4TB_HDD/exp383/merged_fastq/916477-RML-120-17-SOX10_R1.fastq.gz,/media/tmurphy/4TB_HDD/exp383/merged_fastq/916477-RML-120-17-SOX10_R2.fastq.gz,auto,916477,SOX10,RML,120,group_RML_120,BATCH1,212,2025-07-15,17.52
916477-RML-120-17-SOX2,/media/tmurphy/4TB_HDD/exp383/merged_fastq/916477-RML-120-17-SOX2_R1.fastq.gz,/media/tmurphy/4TB_HDD/exp383/merged_fastq/916477-RML-120-17-SOX2_R2.fastq.gz,auto,916477,SOX2,RML,120,group_RML_120,BATCH1,212,2025-07-15,17.52
916477-RML-120-17-PU1,/media/tmurphy/4TB_HDD/exp383/merged_fastq/916477-RML-120-17-PU1_R1.fastq.gz,/media/tmurphy/4TB_HDD/exp383/merged_fastq/916477-RML-120-17-PU1_R2.fastq.gz,auto,916477,PU1,RML,120,group_RML_120,BATCH1,212,2025-07-15,17.52
916470-RML-90-9-NeuN,/media/tmurphy/4TB_HDD/exp383/merged_fastq/916470-RML-90-9-NeuN_R1.fastq.gz,/media/tmurphy/4TB_HDD/exp383/merged_fastq/916470-RML-90-9-NeuN_R2.fastq.gz,auto,916470,NeuN,RML,90,group_RML_90,BATCH1,281,2025-07-15,17.65
916470-RML-90-9-SOX10,/media/tmurphy/4TB_HDD/exp383/merged_fastq/916470-RML-90-9-SOX10_R1.fastq.gz,/media/tmurphy/4TB_HDD/exp383/merged_fastq/916470-RML-90-9-SOX10_R2.fastq.gz,auto,916470,SOX10,RML,90,group_RML_90,BATCH1,281,2025-07-15,17.65
916470-RML-90-9-SOX2,/media/tmurphy/4TB_HDD/exp383/merged_fastq/916470-RML-90-9-SOX2_R1.fastq.gz,/media/tmurphy/4TB_HDD/exp383/merged_fastq/916470-RML-90-9-SOX2_R2.fastq.gz,auto,916470,SOX2,RML,90,group_RML_90,BATCH1,281,2025-07-15,17.65
916470-RML-90-9-PU1,/media/tmurphy/4TB_HDD/exp383/merged_fastq/916470-RML-90-9-PU1_R1.fastq.gz,/media/tmurphy/4TB_HDD/exp383/merged_fastq/916470-RML-90-9-PU1_R2.fastq.gz,auto,916470,PU1,RML,90,group_RML_90,BATCH1,281,2025-07-15,17.65
916515-22L-120-19-NeuN,/media/tmurphy/4TB_HDD/exp383/merged_fastq/916515-22L-120-19-NeuN_R1.fastq.gz,/media/tmurphy/4TB_HDD/exp383/merged_fastq/916515-22L-120-19-NeuN_R2.fastq.gz,auto,916515,NeuN,22L,120,group_22L_120,BATCH2,250,2025-07-14,18.0
916515-22L-120-19-SOX10,/media/tmurphy/4TB_HDD/exp383/merged_fastq/916515-22L-120-19-SOX10_R1.fastq.gz,/media/tmurphy/4TB_HDD/exp383/merged_fastq/916515-22L-120-19-SOX10_R2.fastq.gz,auto,916515,SOX10,22L,120,group_22L_120,BATCH2,250,2025-07-14,18.0
916515-22L-120-19-SOX2,/media/tmurphy/4TB_HDD/exp383/merged_fastq/916515-22L-120-19-SOX2_R1.fastq.gz,/media/tmurphy/4TB_HDD/exp383/merged_fastq/916515-22L-120-19-SOX2_R2.fastq.gz,auto,916515,SOX2,22L,120,group_22L_120,BATCH2,250,2025-07-14,18.0
916515-22L-120-19-PU1,/media/tmurphy/4TB_HDD/exp383/merged_fastq/916515-22L-120-19-PU1_R1.fastq.gz,/media/tmurphy/4TB_HDD/exp383/merged_fastq/916515-22L-120-19-PU1_R2.fastq.gz,auto,916515,PU1,22L,120,group_22L_120,BATCH2,250,2025-07-14,18.0
918275-22L-120-19-NeuN,/media/tmurphy/4TB_HDD/exp383/merged_fastq/918275-22L-120-19-NeuN_R1.fastq.gz,/media/tmurphy/4TB_HDD/exp383/merged_fastq/918275-22L-120-19-NeuN_R2.fastq.gz,auto,918275,NeuN,22L,120,group_22L_120,BATCH4,212,2025-07-16,18.17
918275-22L-120-19-SOX10,/media/tmurphy/4TB_HDD/exp383/merged_fastq/918275-22L-120-19-SOX10_R1.fastq.gz,/media/tmurphy/4TB_HDD/exp383/merged_fastq/918275-22L-120-19-SOX10_R2.fastq.gz,auto,918275,SOX10,22L,120,group_22L_120,BATCH4,212,2025-07-16,18.17
918275-22L-120-19-SOX2,/media/tmurphy/4TB_HDD/exp383/merged_fastq/918275-22L-120-19-SOX2_R1.fastq.gz,/media/tmurphy/4TB_HDD/exp383/merged_fastq/918275-22L-120-19-SOX2_R2.fastq.gz,auto,918275,SOX2,22L,120,group_22L_120,BATCH4,212,2025-07-16,18.17
918275-22L-120-19-PU1,/media/tmurphy/4TB_HDD/exp383/merged_fastq/918275-22L-120-19-PU1_R1.fastq.gz,/media/tmurphy/4TB_HDD/exp383/merged_fastq/918275-22L-120-19-PU1_R2.fastq.gz,auto,918275,PU1,22L,120,group_22L_120,BATCH4,212,2025-07-16,18.17
918311-ME7-60-2-NeuN,/media/tmurphy/4TB_HDD/exp383/merged_fastq/918311-ME7-60-2-NeuN_R1.fastq.gz,/media/tmurphy/4TB_HDD/exp383/merged_fastq/918311-ME7-60-2-NeuN_R2.fastq.gz,auto,918311,NeuN,ME7,60,group_ME7_60,BATCH4,189,2025-07-16,18.72
918311-ME7-60-2-SOX10,/media/tmurphy/4TB_HDD/exp383/merged_fastq/918311-ME7-60-2-SOX10_R1.fastq.gz,/media/tmurphy/4TB_HDD/exp383/merged_fastq/918311-ME7-60-2-SOX10_R2.fastq.gz,auto,918311,SOX10,ME7,60,group_ME7_60,BATCH4,189,2025-07-16,18.72
918311-ME7-60-2-SOX2,/media/tmurphy/4TB_HDD/exp383/merged_fastq/918311-ME7-60-2-SOX2_R1.fastq.gz,/media/tmurphy/4TB_HDD/exp383/merged_fastq/918311-ME7-60-2-SOX2_R2.fastq.gz,auto,918311,SOX2,ME7,60,group_ME7_60,BATCH4,189,2025-07-16,18.72
917447-ME7-90-10-NeuN,/media/tmurphy/4TB_HDD/exp383/merged_fastq/917447-ME7-90-10-NeuN_R1.fastq.gz,/media/tmurphy/4TB_HDD/exp383/merged_fastq/917447-ME7-90-10-NeuN_R2.fastq.gz,auto,917447,NeuN,ME7,90,group_ME7_90,BATCH3,237,2025-07-23,17.97
917447-ME7-90-10-SOX10,/media/tmurphy/4TB_HDD/exp383/merged_fastq/917447-ME7-90-10-SOX10_R1.fastq.gz,/media/tmurphy/4TB_HDD/exp383/merged_fastq/917447-ME7-90-10-SOX10_R2.fastq.gz,auto,917447,SOX10,ME7,90,group_ME7_90,BATCH3,237,2025-07-23,17.97
917447-ME7-90-10-SOX2,/media/tmurphy/4TB_HDD/exp383/merged_fastq/917447-ME7-90-10-SOX2_R1.fastq.gz,/media/tmurphy/4TB_HDD/exp383/merged_fastq/917447-ME7-90-10-SOX2_R2.fastq.gz,auto,917447,SOX2,ME7,90,group_ME7_90,BATCH3,237,2025-07-23,17.97
917447-ME7-90-10-PU1,/media/tmurphy/4TB_HDD/exp383/merged_fastq/917447-ME7-90-10-PU1_R1.fastq.gz,/media/tmurphy/4TB_HDD/exp383/merged_fastq/917447-ME7-90-10-PU1_R2.fastq.gz,auto,917447,PU1,ME7,90,group_ME7_90,BATCH3,237,2025-07-23,17.97
917425-CBH-120-20-NeuN,/media/tmurphy/4TB_HDD/exp383/merged_fastq/917425-CBH-120-20-NeuN_R1.fastq.gz,/media/tmurphy/4TB_HDD/exp383/merged_fastq/917425-CBH-120-20-NeuN_R2.fastq.gz,auto,917425,NeuN,CBH,120,group_CBH_120,BATCH3,238,2025-07-23,18.05
917425-CBH-120-20-SOX10,/media/tmurphy/4TB_HDD/exp383/merged_fastq/917425-CBH-120-20-SOX10_R1.fastq.gz,/media/tmurphy/4TB_HDD/exp383/merged_fastq/917425-CBH-120-20-SOX10_R2.fastq.gz,auto,917425,SOX10,CBH,120,group_CBH_120,BATCH3,238,2025-07-23,18.05
917425-CBH-120-20-SOX2,/media/tmurphy/4TB_HDD/exp383/merged_fastq/917425-CBH-120-20-SOX2_R1.fastq.gz,/media/tmurphy/4TB_HDD/exp383/merged_fastq/917425-CBH-120-20-SOX2_R2.fastq.gz,auto,917425,SOX2,CBH,120,group_CBH_120,BATCH3,238,2025-07-23,18.05
917425-CBH-120-20-PU1,/media/tmurphy/4TB_HDD/exp383/merged_fastq/917425-CBH-120-20-PU1_R1.fastq.gz,/media/tmurphy/4TB_HDD/exp383/merged_fastq/917425-CBH-120-20-PU1_R2.fastq.gz,auto,917425,PU1,CBH,120,group_CBH_120,BATCH3,238,2025-07-23,18.05
918262-22L-120-19-NeuN,/media/tmurphy/4TB_HDD/exp383/merged_fastq/918262-22L-120-19-NeuN_R1.fastq.gz,/media/tmurphy/4TB_HDD/exp383/merged_fastq/918262-22L-120-19-NeuN_R2.fastq.gz,auto,918262,NeuN,22L,120,group_22L_120,BATCH4,228,2025-08-07,17.72
918262-22L-120-19-SOX10,/media/tmurphy/4TB_HDD/exp383/merged_fastq/918262-22L-120-19-SOX10_R1.fastq.gz,/media/tmurphy/4TB_HDD/exp383/merged_fastq/918262-22L-120-19-SOX10_R2.fastq.gz,auto,918262,SOX10,22L,120,group_22L_120,BATCH4,228,2025-08-07,17.72
918262-22L-120-19-SOX2,/media/tmurphy/4TB_HDD/exp383/merged_fastq/918262-22L-120-19-SOX2_R1.fastq.gz,/media/tmurphy/4TB_HDD/exp383/merged_fastq/918262-22L-120-19-SOX2_R2.fastq.gz,auto,918262,SOX2,22L,120,group_22L_120,BATCH4,228,2025-08-07,17.72
918262-22L-120-19-PU1,/media/tmurphy/4TB_HDD/exp383/merged_fastq/918262-22L-120-19-PU1_R1.fastq.gz,/media/tmurphy/4TB_HDD/exp383/merged_fastq/918262-22L-120-19-PU1_R2.fastq.gz,auto,918262,PU1,22L,120,group_22L_120,BATCH4,228,2025-08-07,17.72
916501-22L-90-11-NeuN,/media/tmurphy/4TB_HDD/exp383/merged_fastq/916501-22L-90-11-NeuN_R1.fastq.gz,/media/tmurphy/4TB_HDD/exp383/merged_fastq/916501-22L-90-11-NeuN_R2.fastq.gz,auto,916501,NeuN,22L,90,group_22L_90,BATCH2,245,2025-08-07,17.93
916501-22L-90-11-SOX10,/media/tmurphy/4TB_HDD/exp383/merged_fastq/916501-22L-90-11-SOX10_R1.fastq.gz,/media/tmurphy/4TB_HDD/exp383/merged_fastq/916501-22L-90-11-SOX10_R2.fastq.gz,auto,916501,SOX10,22L,90,group_22L_90,BATCH2,245,2025-08-07,17.93
916501-22L-90-11-SOX2,/media/tmurphy/4TB_HDD/exp383/merged_fastq/916501-22L-90-11-SOX2_R1.fastq.gz,/media/tmurphy/4TB_HDD/exp383/merged_fastq/916501-22L-90-11-SOX2_R2.fastq.gz,auto,916501,SOX2,22L,90,group_22L_90,BATCH2,245,2025-08-07,17.93
916501-22L-90-11-PU1,/media/tmurphy/4TB_HDD/exp383/merged_fastq/916501-22L-90-11-PU1_R1.fastq.gz,/media/tmurphy/4TB_HDD/exp383/merged_fastq/916501-22L-90-11-PU1_R2.fastq.gz,auto,916501,PU1,22L,90,group_22L_90,BATCH2,245,2025-08-07,17.93
918288-RML-90-9-NeuN,/media/tmurphy/4TB_HDD/exp383/merged_fastq/918288-RML-90-9-NeuN_R1.fastq.gz,/media/tmurphy/4TB_HDD/exp383/merged_fastq/918288-RML-90-9-NeuN_R2.fastq.gz,auto,918288,NeuN,RML,90,group_RML_90,BATCH4,300,2025-08-11,20.12
918288-RML-90-9-SOX10,/media/tmurphy/4TB_HDD/exp383/merged_fastq/918288-RML-90-9-SOX10_R1.fastq.gz,/media/tmurphy/4TB_HDD/exp383/merged_fastq/918288-RML-90-9-SOX10_R2.fastq.gz,auto,918288,SOX10,RML,90,group_RML_90,BATCH4,300,2025-08-11,20.12
918288-RML-90-9-SOX2,/media/tmurphy/4TB_HDD/exp383/merged_fastq/918288-RML-90-9-SOX2_R1.fastq.gz,/media/tmurphy/4TB_HDD/exp383/merged_fastq/918288-RML-90-9-SOX2_R2.fastq.gz,auto,918288,SOX2,RML,90,group_RML_90,BATCH4,300,2025-08-11,20.12
918288-RML-90-9-PU1,/media/tmurphy/4TB_HDD/exp383/merged_fastq/918288-RML-90-9-PU1_R1.fastq.gz,/media/tmurphy/4TB_HDD/exp383/merged_fastq/918288-RML-90-9-PU1_R2.fastq.gz,auto,918288,PU1,RML,90,group_RML_90,BATCH4,300,2025-08-11,20.12
916476-CBH-90-12-NeuN,/media/tmurphy/4TB_HDD/exp383/merged_fastq/916476-CBH-90-12-NeuN_R1.fastq.gz,/media/tmurphy/4TB_HDD/exp383/merged_fastq/916476-CBH-90-12-NeuN_R2.fastq.gz,auto,916476,NeuN,CBH,90,group_CBH_90,BATCH1,257,2025-08-11,20.38
916476-CBH-90-12-SOX10,/media/tmurphy/4TB_HDD/exp383/merged_fastq/916476-CBH-90-12-SOX10_R1.fastq.gz,/media/tmurphy/4TB_HDD/exp383/merged_fastq/916476-CBH-90-12-SOX10_R2.fastq.gz,auto,916476,SOX10,CBH,90,group_CBH_90,BATCH1,257,2025-08-11,20.38
916476-CBH-90-12-SOX2,/media/tmurphy/4TB_HDD/exp383/merged_fastq/916476-CBH-90-12-SOX2_R1.fastq.gz,/media/tmurphy/4TB_HDD/exp383/merged_fastq/916476-CBH-90-12-SOX2_R2.fastq.gz,auto,916476,SOX2,CBH,90,group_CBH_90,BATCH1,257,2025-08-11,20.38
916476-CBH-90-12-PU1,/media/tmurphy/4TB_HDD/exp383/merged_fastq/916476-CBH-90-12-PU1_R1.fastq.gz,/media/tmurphy/4TB_HDD/exp383/merged_fastq/916476-CBH-90-12-PU1_R2.fastq.gz,auto,916476,PU1,CBH,90,group_CBH_90,BATCH1,257,2025-08-11,20.38
916524-CBH-120-20-NeuN,/media/tmurphy/4TB_HDD/exp383/merged_fastq/916524-CBH-120-20-NeuN_R1.fastq.gz,/media/tmurphy/4TB_HDD/exp383/merged_fastq/916524-CBH-120-20-NeuN_R2.fastq.gz,auto,916524,NeuN,CBH,120,group_CBH_120,BATCH2,219,2025-08-12,18.7
916524-CBH-120-20-SOX10,/media/tmurphy/4TB_HDD/exp383/merged_fastq/916524-CBH-120-20-SOX10_R1.fastq.gz,/media/tmurphy/4TB_HDD/exp383/merged_fastq/916524-CBH-120-20-SOX10_R2.fastq.gz,auto,916524,SOX10,CBH,120,group_CBH_120,BATCH2,219,2025-08-12,18.7
916524-CBH-120-20-SOX2,/media/tmurphy/4TB_HDD/exp383/merged_fastq/916524-CBH-120-20-SOX2_R1.fastq.gz,/media/tmurphy/4TB_HDD/exp383/merged_fastq/916524-CBH-120-20-SOX2_R2.fastq.gz,auto,916524,SOX2,CBH,120,group_CBH_120,BATCH2,219,2025-08-12,18.7
916543-RML-60-1-NeuN,/media/tmurphy/4TB_HDD/exp383/merged_fastq/916543-RML-60-1-NeuN_R1.fastq.gz,/media/tmurphy/4TB_HDD/exp383/merged_fastq/916543-RML-60-1-NeuN_R2.fastq.gz,auto,916543,NeuN,RML,60,group_RML_60,BATCH2,203,2025-08-12,19.0
916543-RML-60-1-SOX10,/media/tmurphy/4TB_HDD/exp383/merged_fastq/916543-RML-60-1-SOX10_R1.fastq.gz,/media/tmurphy/4TB_HDD/exp383/merged_fastq/916543-RML-60-1-SOX10_R2.fastq.gz,auto,916543,SOX10,RML,60,group_RML_60,BATCH2,203,2025-08-12,19.0
916543-RML-60-1-SOX2,/media/tmurphy/4TB_HDD/exp383/merged_fastq/916543-RML-60-1-SOX2_R1.fastq.gz,/media/tmurphy/4TB_HDD/exp383/merged_fastq/916543-RML-60-1-SOX2_R2.fastq.gz,auto,916543,SOX2,RML,60,group_RML_60,BATCH2,203,2025-08-12,19.0
916543-RML-60-1-PU1,/media/tmurphy/4TB_HDD/exp383/merged_fastq/916543-RML-60-1-PU1_R1.fastq.gz,/media/tmurphy/4TB_HDD/exp383/merged_fastq/916543-RML-60-1-PU1_R2.fastq.gz,auto,916543,PU1,RML,60,group_RML_60,BATCH2,203,2025-08-12,19.0
918283-RML-120-17-NeuN,/media/tmurphy/4TB_HDD/exp383/merged_fastq/918283-RML-120-17-NeuN_R1.fastq.gz,/media/tmurphy/4TB_HDD/exp383/merged_fastq/918283-RML-120-17-NeuN_R2.fastq.gz,auto,918283,NeuN,RML,120,group_RML_120,BATCH4,240,2025-08-13,16.73
918283-RML-120-17-SOX10,/media/tmurphy/4TB_HDD/exp383/merged_fastq/918283-RML-120-17-SOX10_R1.fastq.gz,/media/tmurphy/4TB_HDD/exp383/merged_fastq/918283-RML-120-17-SOX10_R2.fastq.gz,auto,918283,SOX10,RML,120,group_RML_120,BATCH4,240,2025-08-13,16.73
918283-RML-120-17-SOX2,/media/tmurphy/4TB_HDD/exp383/merged_fastq/918283-RML-120-17-SOX2_R1.fastq.gz,/media/tmurphy/4TB_HDD/exp383/merged_fastq/918283-RML-120-17-SOX2_R2.fastq.gz,auto,918283,SOX2,RML,120,group_RML_120,BATCH4,240,2025-08-13,16.73
918283-RML-120-17-PU1,/media/tmurphy/4TB_HDD/exp383/merged_fastq/918283-RML-120-17-PU1_R1.fastq.gz,/media/tmurphy/4TB_HDD/exp383/merged_fastq/918283-RML-120-17-PU1_R2.fastq.gz,auto,918283,PU1,RML,120,group_RML_120,BATCH4,240,2025-08-13,16.73
918282-CBH-60-4-NeuN,/media/tmurphy/4TB_HDD/exp383/merged_fastq/918282-CBH-60-4-NeuN_R1.fastq.gz,/media/tmurphy/4TB_HDD/exp383/merged_fastq/918282-CBH-60-4-NeuN_R2.fastq.gz,auto,918282,NeuN,CBH,60,group_CBH_60,BATCH4,212,2025-08-13,17.25
918282-CBH-60-4-SOX10,/media/tmurphy/4TB_HDD/exp383/merged_fastq/918282-CBH-60-4-SOX10_R1.fastq.gz,/media/tmurphy/4TB_HDD/exp383/merged_fastq/918282-CBH-60-4-SOX10_R2.fastq.gz,auto,918282,SOX10,CBH,60,group_CBH_60,BATCH4,212,2025-08-13,17.25
918282-CBH-60-4-SOX2,/media/tmurphy/4TB_HDD/exp383/merged_fastq/918282-CBH-60-4-SOX2_R1.fastq.gz,/media/tmurphy/4TB_HDD/exp383/merged_fastq/918282-CBH-60-4-SOX2_R2.fastq.gz,auto,918282,SOX2,CBH,60,group_CBH_60,BATCH4,212,2025-08-13,17.25
918282-CBH-60-4-PU1,/media/tmurphy/4TB_HDD/exp383/merged_fastq/918282-CBH-60-4-PU1_R1.fastq.gz,/media/tmurphy/4TB_HDD/exp383/merged_fastq/918282-CBH-60-4-PU1_R2.fastq.gz,auto,918282,PU1,CBH,60,group_CBH_60,BATCH4,212,2025-08-13,17.25
917422-RML-60-1-NeuN,/media/tmurphy/4TB_HDD/exp383/merged_fastq/917422-RML-60-1-NeuN_R1.fastq.gz,/media/tmurphy/4TB_HDD/exp383/merged_fastq/917422-RML-60-1-NeuN_R2.fastq.gz,auto,917422,NeuN,RML,60,group_RML_60,BATCH3,252,2025-08-19,19.02
917422-RML-60-1-SOX10,/media/tmurphy/4TB_HDD/exp383/merged_fastq/917422-RML-60-1-SOX10_R1.fastq.gz,/media/tmurphy/4TB_HDD/exp383/merged_fastq/917422-RML-60-1-SOX10_R2.fastq.gz,auto,917422,SOX10,RML,60,group_RML_60,BATCH3,252,2025-08-19,19.02
917422-RML-60-1-SOX2,/media/tmurphy/4TB_HDD/exp383/merged_fastq/917422-RML-60-1-SOX2_R1.fastq.gz,/media/tmurphy/4TB_HDD/exp383/merged_fastq/917422-RML-60-1-SOX2_R2.fastq.gz,auto,917422,SOX2,RML,60,group_RML_60,BATCH3,252,2025-08-19,19.02
917422-RML-60-1-PU1,/media/tmurphy/4TB_HDD/exp383/merged_fastq/917422-RML-60-1-PU1_R1.fastq.gz,/media/tmurphy/4TB_HDD/exp383/merged_fastq/917422-RML-60-1-PU1_R2.fastq.gz,auto,917422,PU1,RML,60,group_RML_60,BATCH3,252,2025-08-19,19.02
918318-CBH-60-4-NeuN,/media/tmurphy/4TB_HDD/exp383/merged_fastq/918318-CBH-60-4-NeuN_R1.fastq.gz,/media/tmurphy/4TB_HDD/exp383/merged_fastq/918318-CBH-60-4-NeuN_R2.fastq.gz,auto,918318,NeuN,CBH,60,group_CBH_60,BATCH4,221,2025-08-19,19.48
918318-CBH-60-4-SOX10,/media/tmurphy/4TB_HDD/exp383/merged_fastq/918318-CBH-60-4-SOX10_R1.fastq.gz,/media/tmurphy/4TB_HDD/exp383/merged_fastq/918318-CBH-60-4-SOX10_R2.fastq.gz,auto,918318,SOX10,CBH,60,group_CBH_60,BATCH4,221,2025-08-19,19.48
918318-CBH-60-4-SOX2,/media/tmurphy/4TB_HDD/exp383/merged_fastq/918318-CBH-60-4-SOX2_R1.fastq.gz,/media/tmurphy/4TB_HDD/exp383/merged_fastq/918318-CBH-60-4-SOX2_R2.fastq.gz,auto,918318,SOX2,CBH,60,group_CBH_60,BATCH4,221,2025-08-19,19.48
918318-CBH-60-4-PU1,/media/tmurphy/4TB_HDD/exp383/merged_fastq/918318-CBH-60-4-PU1_R1.fastq.gz,/media/tmurphy/4TB_HDD/exp383/merged_fastq/918318-CBH-60-4-PU1_R2.fastq.gz,auto,918318,PU1,CBH,60,group_CBH_60,BATCH4,221,2025-08-19,19.48
917440-CBH-60-4-NeuN,/media/tmurphy/4TB_HDD/exp383/merged_fastq/917440-CBH-60-4-NeuN_R1.fastq.gz,/media/tmurphy/4TB_HDD/exp383/merged_fastq/917440-CBH-60-4-NeuN_R2.fastq.gz,auto,917440,NeuN,CBH,60,group_CBH_60,BATCH3,254,2025-08-20,18.8
917440-CBH-60-4-SOX10,/media/tmurphy/4TB_HDD/exp383/merged_fastq/917440-CBH-60-4-SOX10_R1.fastq.gz,/media/tmurphy/4TB_HDD/exp383/merged_fastq/917440-CBH-60-4-SOX10_R2.fastq.gz,auto,917440,SOX10,CBH,60,group_CBH_60,BATCH3,254,2025-08-20,18.8
917440-CBH-60-4-SOX2,/media/tmurphy/4TB_HDD/exp383/merged_fastq/917440-CBH-60-4-SOX2_R1.fastq.gz,/media/tmurphy/4TB_HDD/exp383/merged_fastq/917440-CBH-60-4-SOX2_R2.fastq.gz,auto,917440,SOX2,CBH,60,group_CBH_60,BATCH3,254,2025-08-20,18.8
917440-CBH-60-4-PU1,/media/tmurphy/4TB_HDD/exp383/merged_fastq/917440-CBH-60-4-PU1_R1.fastq.gz,/media/tmurphy/4TB_HDD/exp383/merged_fastq/917440-CBH-60-4-PU1_R2.fastq.gz,auto,917440,PU1,CBH,60,group_CBH_60,BATCH3,254,2025-08-20,18.8
916468-22L-120-19-NeuN,/media/tmurphy/4TB_HDD/exp383/merged_fastq/916468-22L-120-19-NeuN_R1.fastq.gz,/media/tmurphy/4TB_HDD/exp383/merged_fastq/916468-22L-120-19-NeuN_R2.fastq.gz,auto,916468,NeuN,22L,120,group_22L_120,BATCH1,243,2025-08-20,19.43
916468-22L-120-19-SOX10,/media/tmurphy/4TB_HDD/exp383/merged_fastq/916468-22L-120-19-SOX10_R1.fastq.gz,/media/tmurphy/4TB_HDD/exp383/merged_fastq/916468-22L-120-19-SOX10_R2.fastq.gz,auto,916468,SOX10,22L,120,group_22L_120,BATCH1,243,2025-08-20,19.43
916468-22L-120-19-SOX2,/media/tmurphy/4TB_HDD/exp383/merged_fastq/916468-22L-120-19-SOX2_R1.fastq.gz,/media/tmurphy/4TB_HDD/exp383/merged_fastq/916468-22L-120-19-SOX2_R2.fastq.gz,auto,916468,SOX2,22L,120,group_22L_120,BATCH1,243,2025-08-20,19.43
916468-22L-120-19-PU1,/media/tmurphy/4TB_HDD/exp383/merged_fastq/916468-22L-120-19-PU1_R1.fastq.gz,/media/tmurphy/4TB_HDD/exp383/merged_fastq/916468-22L-120-19-PU1_R2.fastq.gz,auto,916468,PU1,22L,120,group_22L_120,BATCH1,243,2025-08-20,19.43
917445-22L-60-3-NeuN,/media/tmurphy/4TB_HDD/exp383/merged_fastq/917445-22L-60-3-NeuN_R1.fastq.gz,/media/tmurphy/4TB_HDD/exp383/merged_fastq/917445-22L-60-3-NeuN_R2.fastq.gz,auto,917445,NeuN,22L,60,group_22L_60,BATCH3,294,2025-08-21,22.62
917445-22L-60-3-SOX10,/media/tmurphy/4TB_HDD/exp383/merged_fastq/917445-22L-60-3-SOX10_R1.fastq.gz,/media/tmurphy/4TB_HDD/exp383/merged_fastq/917445-22L-60-3-SOX10_R2.fastq.gz,auto,917445,SOX10,22L,60,group_22L_60,BATCH3,294,2025-08-21,22.62
917445-22L-60-3-SOX2,/media/tmurphy/4TB_HDD/exp383/merged_fastq/917445-22L-60-3-SOX2_R1.fastq.gz,/media/tmurphy/4TB_HDD/exp383/merged_fastq/917445-22L-60-3-SOX2_R2.fastq.gz,auto,917445,SOX2,22L,60,group_22L_60,BATCH3,294,2025-08-21,22.62
917445-22L-60-3-PU1,/media/tmurphy/4TB_HDD/exp383/merged_fastq/917445-22L-60-3-PU1_R1.fastq.gz,/media/tmurphy/4TB_HDD/exp383/merged_fastq/917445-22L-60-3-PU1_R2.fastq.gz,auto,917445,PU1,22L,60,group_22L_60,BATCH3,294,2025-08-21,22.62
918278-RML-120-17-NeuN,/media/tmurphy/4TB_HDD/exp383/merged_fastq/918278-RML-120-17-NeuN_R1.fastq.gz,/media/tmurphy/4TB_HDD/exp383/merged_fastq/918278-RML-120-17-NeuN_R2.fastq.gz,auto,918278,NeuN,RML,120,group_RML_120,BATCH4,215,2025-08-21,18.08
918278-RML-120-17-SOX10,/media/tmurphy/4TB_HDD/exp383/merged_fastq/918278-RML-120-17-SOX10_R1.fastq.gz,/media/tmurphy/4TB_HDD/exp383/merged_fastq/918278-RML-120-17-SOX10_R2.fastq.gz,auto,918278,SOX10,RML,120,group_RML_120,BATCH4,215,2025-08-21,18.08
918278-RML-120-17-SOX2,/media/tmurphy/4TB_HDD/exp383/merged_fastq/918278-RML-120-17-SOX2_R1.fastq.gz,/media/tmurphy/4TB_HDD/exp383/merged_fastq/918278-RML-120-17-SOX2_R2.fastq.gz,auto,918278,SOX2,RML,120,group_RML_120,BATCH4,215,2025-08-21,18.08
918278-RML-120-17-PU1,/media/tmurphy/4TB_HDD/exp383/merged_fastq/918278-RML-120-17-PU1_R1.fastq.gz,/media/tmurphy/4TB_HDD/exp383/merged_fastq/918278-RML-120-17-PU1_R2.fastq.gz,auto,918278,PU1,RML,120,group_RML_120,BATCH4,215,2025-08-21,18.08
